obs_wl_air(nm),unc_obs_wl,ritz_wl_air(nm),unc_ritz_wl,intens,Aki(s^-1),Acc,Ei(cm-1),Ek(cm-1),conf_i,term_i,J_i,conf_k,term_k,J_k,Type,tp_ref,line_ref,
"=""400.0801""","=""0.0004""","=""400.080175""","=""0.000018""","=""23""","=""""",,"=""82978.717""","=""107966.642""","=""3d6.(5D).4d""","=""e 6F""","=""9/2""","=""3d5.(4F).4s.4p.(3P*)""","=""6D*""","=""9/2""",,"=""""","=""L18349c139""",
"=""400.2906""","=""0.0003""","=""400.290562""","=""0.000019""","=""20""","=""""",,"=""89119.452""","=""114094.244""","=""3d6.(5D).5p""","=""6D*""","=""5/2""","=""3d6.(5D).6d""","=""114094""","=""5/2""",,"=""""","=""L18349c139""",
"=""400.6392""","=""0.0003""","=""400.639494""","=""0.000021""","=""35""","=""""",,"=""81639.253""","=""106592.294""","=""3d5.4s2""","=""2F2""","=""5/2""","=""3d5.(2D3).4s.4p.(3P*)""","=""4P*""","=""5/2""",,"=""""","=""L18349c139""",
"=""400.8090""","=""0.0006""","=""400.808411""","=""0.000018""","=""9""","=""""",,"=""88614.523""","=""113557.048""","=""3d5.(4P).4s.4p.(3P*)""","=""6D*""","=""9/2""","=""3d6.(5D).6d""","=""6F""","=""9/2""",,"=""""","=""L18349c139""",
"=""401.0835""","=""0.0003""","=""401.08384""","=""0.00004""","=""14""","=""""",,"=""87471.789""","=""112397.186""","=""3d5.(4G).4s.4p.(3P*)""","=""y 6F*""","=""9/2""","=""3d6.(5D).7s""","=""6D""","=""9/2""",,"=""""","=""L18349c139""",
"=""401.1308""","=""0.0003""","=""401.130898""","=""0.000019""","=""16""","=""""",,"=""89471.372""","=""114393.845""","=""3d6.(5D).5p""","=""6D*""","=""1/2""","=""3d6.(5D).6d""","=""114393""","=""3/2""",,"=""""","=""L18349c139""",
"=""401.2742""","=""0.0003""","=""401.274280""","=""0.000019""","=""22""","=""""",,"=""88614.523""","=""113528.091""","=""3d5.(4P).4s.4p.(3P*)""","=""6D*""","=""9/2""","=""3d6.(5D).6d""","=""6F""","=""11/2""",,"=""""","=""L18349c139""",
"=""401.4205""","=""0.0003""","=""401.42099""","=""0.00003""","=""33""","=""""",,"=""79284.919""","=""104189.382""","=""3d5.(6S).4s.4p.(1P*)""","=""x 6P*""","=""5/2""","=""3d6.(3H).4d""","=""4F""","=""3/2""",,"=""""","=""L18349c139""",
"=""402.08874""","=""0.00014""","=""402.088802""","=""0.000020""","=""30""","=""""",,"=""88853.535""","=""113716.636""","=""3d6.(5D).5p""","=""6D*""","=""7/2""","=""3d6.(5D).6d""","=""113716""","=""7/2""",,"=""""","=""L18349c139""",
"=""402.4552""","=""0.0015""","=""402.45505""","=""0.00003""","=""350""","=""2.5e+05""",D,"=""36252.931""","=""61093.406""","=""3d6.(3D).4s""","=""b 2D""","=""5/2""","=""3d6.(3P2).4p""","=""z 2D*""","=""5/2""",,"=""T6892c83""","=""L7357""",
"=""402.56554""","=""0.00011""","=""402.565662""","=""0.000020""","=""50""","=""""",,"=""88723.398""","=""113557.048""","=""3d6.(5D).5p""","=""6D*""","=""9/2""","=""3d6.(5D).6d""","=""6F""","=""9/2""",,"=""""","=""L18349c139""",
"=""402.6580""","=""0.0005""","=""402.657874""","=""0.000018""","=""21""","=""""",,"=""89128.569""","=""113956.532""","=""3d5.(4P).4s.4p.(3P*)""","=""6P*""","=""7/2""","=""3d6.(5D).6d""","=""6D""","=""9/2""",,"=""""","=""L18349c139""",
"=""402.8670""","=""0.0003""","=""402.867247""","=""0.000018""","=""17""","=""""",,"=""89119.452""","=""113934.512""","=""3d6.(5D).5p""","=""6D*""","=""5/2""","=""3d6.(5D).6d""","=""6D""","=""5/2""",,"=""""","=""L18349c139""",
"=""403.03559""","=""0.00007""","=""403.035627""","=""0.000023""","=""60""","=""""",,"=""88723.398""","=""113528.091""","=""3d6.(5D).5p""","=""6D*""","=""9/2""","=""3d6.(5D).6d""","=""6F""","=""11/2""",,"=""""","=""L18349c139""",
"=""403.12399""","=""0.00015""","=""403.12441""","=""0.00003""","=""80bl(Fe I)""","=""""",,"=""79243.462""","=""104042.692""","=""3d6.(1D2).4p""","=""w 2P*""","=""3/2""","=""3d6.(3H).4d""","=""4G""","=""5/2""",,"=""""","=""L18349c148""",
"=""403.14317""","=""0.00019""","=""403.143466""","=""0.000020""","=""20""","=""""",,"=""89444.455""","=""114242.513""","=""3d5.(4P).4s.4p.(3P*)""","=""6P*""","=""5/2""","=""3d6.(5D).6d""","=""114242""","=""5/2""",,"=""""","=""L18349c139""",
"=""403.7477""","=""0.0004""","=""403.747128""","=""0.000020""","=""70""","=""""",,"=""59663.440""","=""84424.422""","=""3d6.(3P2).4p""","=""z 4S*""","=""3/2""","=""3d6.(5D).4d""","=""6P""","=""3/2""",,"=""""","=""L18349c139""",
"=""404.2733""","=""0.0003""","=""404.273097""","=""0.000020""","=""16""","=""""",,"=""89444.455""","=""114173.223""","=""3d5.(4P).4s.4p.(3P*)""","=""6P*""","=""5/2""","=""3d6.(5D).6d""","=""6D""","=""7/2""",,"=""""","=""L18349c139""",
"=""404.6866""","=""0.0003""","=""404.686404""","=""0.000018""","=""17""","=""""",,"=""88853.535""","=""113557.048""","=""3d6.(5D).5p""","=""6D*""","=""7/2""","=""3d6.(5D).6d""","=""6F""","=""9/2""",,"=""""","=""L18349c139""",
"=""405.24985""","=""0.00012""","=""405.24975""","=""0.00007""","=""60""","=""""",,"=""83868.450""","=""108537.623""","=""3d6.(1F).4p""","=""v 2D*""","=""5/2""","=""3d6.(3G).4d""","=""4G""","=""7/2""",,"=""""","=""L18349c139""",
"=""405.4716""","=""0.0005""","=""405.471726""","=""0.000020""","=""70""","=""""",,"=""60807.239""","=""85462.907""","=""3d6.(3H).4p""","=""z 4G*""","=""9/2""","=""3d6.(5D).4d""","=""e 4G""","=""7/2""",,"=""""","=""L18349c139""",
"=""405.6615""","=""0.0003""","=""405.661549""","=""0.000021""","=""11""","=""""",,"=""90386.533""","=""115030.664""","=""3d6.(5D).5p""","=""6F*""","=""9/2""","=""3d6.(3D).4d""","=""4F""","=""9/2""",,"=""""","=""L18349c139""",
"=""405.84823""","=""0.00011""","=""405.848304""","=""0.000020""","=""33""","=""""",,"=""90397.873""","=""115030.664""","=""3d6.(5D).5p""","=""4D*""","=""7/2""","=""3d6.(3D).4d""","=""4F""","=""9/2""",,"=""""","=""L18349c139""",
"=""406.0717""","=""0.0003""","=""406.07168""","=""0.00003""","=""33""","=""1.6e+06""",D+,"=""79331.361""","=""103950.602""","=""3d5.(6S).4s.4p.(1P*)""","=""x 6P*""","=""7/2""","=""3d6.(5D).5d""","=""6F""","=""9/2""",,"=""T6892c83""","=""L18349c139""",
"=""406.6311""","=""0.0016""","=""406.630752""","=""0.000020""","=""24""","=""""",,"=""78525.442""","=""103110.835""","=""3d6.(5D).5s""","=""e 6D""","=""5/2""","=""3d6.(5D<4>).4f""","=""2[1]*""","=""3/2""",,"=""""","=""L18349c139""",
"=""406.9610""","=""0.0004""","=""406.960825""","=""0.000020""","=""12""","=""""",,"=""89444.455""","=""114009.908""","=""3d5.(4P).4s.4p.(3P*)""","=""6P*""","=""5/2""","=""3d6.(5D).6d""","=""4D""","=""7/2""",,"=""""","=""L18349c139""",
"=""407.2268""","=""0.0003""","=""407.227492""","=""0.000023""","=""21""","=""""",,"=""83990.106""","=""108539.473""","=""3d6.(5D).4d""","=""6D""","=""3/2""","=""3d5.(2F1).4s.4p.(3P*)""","=""4F*""","=""5/2""",,"=""""","=""L18349c139""",
"=""407.5812""","=""0.0006""","=""407.580534""","=""0.000025""","=""15""","=""""",,"=""83558.569""","=""108086.672""","=""3d6.(5D).4d""","=""e 6F""","=""1/2""","=""3d6.(5D).6p""","=""4P*""","=""1/2""",,"=""""","=""L18349c139""",
"=""407.59428""","=""0.00007""","=""407.59491""","=""0.00003""","=""500""","=""1.6e+03""",E,"=""20516.9534""","=""45044.1916""","=""3d7""","=""a 2D2""","=""5/2""","=""3d6.(5D).4p""","=""z 4D*""","=""3/2""",,"=""T6892c83""","=""L18349c145""",
"=""""","=""""","=""408.727543""","=""0.000015""","=""""","=""3.e+03""",E,"=""20830.5534""","=""45289.8248""","=""3d6.(3P2).4s""","=""b 4P""","=""5/2""","=""3d6.(5D).4p""","=""z 4F*""","=""3/2""",,"=""T6892c83""","=""""",
"=""410.5365""","=""0.0008""","=""410.53675""","=""0.00003""","=""23""","=""""",,"=""79245.926""","=""103597.409""","=""3d5.(6S).4s.4p.(1P*)""","=""x 6P*""","=""3/2""","=""3d6.(3P2).4d""","=""2F""","=""5/2""",,"=""""","=""L18349c139""",
"=""411.4539""","=""0.0004""","=""411.454523""","=""0.000024""","=""170""","=""""",,"=""60887.606""","=""85184.773""","=""3d6.(3H).4p""","=""z 4H*""","=""11/2""","=""3d6.(5D).4d""","=""e 4G""","=""9/2""",,"=""""","=""L18349c139""",
"=""412.2638""","=""0.0015""","=""412.265907""","=""0.000014""","=""130""","=""3.e+04""",E,"=""20830.5534""","=""45079.9019""","=""3d6.(3P2).4s""","=""b 4P""","=""5/2""","=""3d6.(5D).4p""","=""z 4F*""","=""5/2""",,"=""T6892c83""","=""L7357""",
"=""412.4401""","=""0.0003""","=""412.439590""","=""0.000019""","=""24""","=""""",,"=""82978.717""","=""107217.854""","=""3d6.(5D).4d""","=""e 6F""","=""9/2""","=""3d6.(5D).6p""","=""6F*""","=""9/2""",,"=""""","=""L18349c139""",
"=""412.4793""","=""0.0015""","=""412.478262""","=""0.000024""","=""26""","=""3.e+03""",E,"=""20516.9534""","=""44753.8179""","=""3d7""","=""a 2D2""","=""5/2""","=""3d6.(5D).4p""","=""z 4F*""","=""7/2""",,"=""T6892c83""","=""L7357""",
"=""412.8735""","=""0.0015""","=""412.873929""","=""0.000014""","=""80""","=""2.6e+04""",E,"=""20830.5534""","=""45044.1916""","=""3d6.(3P2).4s""","=""b 4P""","=""5/2""","=""3d6.(5D).4p""","=""z 4D*""","=""3/2""",,"=""T6892c83""","=""L7357""",
"=""412.9854""","=""0.0005""","=""412.98495""","=""0.00003""","=""12""","=""""",,"=""89727.383""","=""113934.512""","=""3d6.(3F1).4p""","=""4G*""","=""5/2""","=""3d6.(5D).6d""","=""6D""","=""5/2""",,"=""""","=""L18349c139""",
"=""414.25886""","=""0.00013""","=""414.258515""","=""0.000021""","=""50bl(Fe I)""","=""""",,"=""84870.911""","=""109003.621""","=""3d6.(5D).4d""","=""f 4D""","=""5/2""","=""3d5.(2F1).4s.4p.(3P*)""","=""4D*""","=""3/2""",,"=""""","=""L18349c148""",
"=""414.8796""","=""0.0008""","=""414.879625""","=""0.000019""","=""8""","=""""",,"=""90487.827""","=""114584.409""","=""3d6.(5D).5p""","=""6F*""","=""5/2""","=""3d6.(5D).6d""","=""114584""","=""5/2""",,"=""""","=""L18349c146""",
"=""415.02486""","=""0.00003""","=""415.02472""","=""0.00007""","=""1500bl(Fe I)""","=""""",,"=""49100.956""","=""73189.114""","=""3d6.(3P1).4s""","=""c 4P""","=""1/2""","=""3d6.(3D).4p""","=""y 2P*""","=""3/2""",,"=""""","=""L18349c148""",
"=""415.1618""","=""0.0004""","=""415.161136""","=""0.000022""","=""8""","=""""",,"=""90593.511""","=""114673.754""","=""3d6.(5D).5p""","=""6F*""","=""3/2""","=""3d6.(5D).6d""","=""114673""","=""1/2""",,"=""""","=""L18349c139""",
"=""415.3737""","=""0.0004""","=""415.37357""","=""0.00014""","=""12""","=""""",,"=""86543.902""","=""110611.830""","=""3d6.(3P1).4p""","=""v 4D*""","=""3/2""","=""3d6.(3G).4d""","=""2F""","=""5/2""",,"=""""","=""L18349c139""",
"=""415.8735""","=""0.0002""","=""415.873205""","=""0.000019""","=""50""","=""""",,"=""82853.704""","=""106892.717""","=""3d6.(5D).4d""","=""e 6F""","=""11/2""","=""3d6.(5D).6p""","=""6F*""","=""11/2""",,"=""""","=""L18349c139""",
"=""416.4231""","=""0.0005""","=""416.423024""","=""0.000019""","=""12""","=""""",,"=""90638.823""","=""114646.097""","=""3d6.(5D).5p""","=""4D*""","=""5/2""","=""3d6.(5D).6d""","=""4G""","=""7/2""",,"=""""","=""L18349c139""",
"=""416.5529""","=""0.0004""","=""416.552813""","=""0.000024""","=""21""","=""""",,"=""89625.951""","=""113625.745""","=""3d5.(4P).4s.4p.(3P*)""","=""6P*""","=""3/2""","=""3d6.(5D).7s""","=""4D""","=""1/2""",,"=""""","=""L18349c139""",
"=""416.70724""","=""0.00011""","=""416.707277""","=""0.000023""","=""40""","=""""",,"=""90593.511""","=""114584.409""","=""3d6.(5D).5p""","=""6F*""","=""3/2""","=""3d6.(5D).6d""","=""114584""","=""5/2""",,"=""""","=""L18349c139""",
"=""416.7294""","=""0.0003""","=""416.729407""","=""0.000024""","=""16""","=""""",,"=""90300.628""","=""114290.252""","=""3d6.(5D).5p""","=""6F*""","=""7/2""","=""3d6.(5D).6d""","=""6G""","=""9/2""",,"=""""","=""L18349c139""",
"=""416.7574""","=""0.0002""","=""416.757638""","=""0.000019""","=""16""","=""""",,"=""90487.827""","=""114475.826""","=""3d6.(5D).5p""","=""6F*""","=""5/2""","=""3d6.(5D).6d""","=""114475""","=""5/2""",,"=""""","=""L18349c139""",
"=""416.8967""","=""0.0003""","=""416.89624""","=""0.00005""","=""26""","=""""",,"=""92358.625""","=""116338.649""","=""3d5.(4G).4s.4p.(3P*)""","=""v 4F*""","=""3/2""","=""3d5.4s.(5S).4d""","=""6D""","=""5/2""",,"=""""","=""L18349c139""",
"=""417.2856""","=""0.0003""","=""417.285779""","=""0.000019""","=""16""","=""""",,"=""90638.823""","=""114596.462""","=""3d6.(5D).5p""","=""4D*""","=""5/2""","=""3d6.(5D).6d""","=""114596""","=""3/2""",,"=""""","=""L18349c139""",
"=""417.33147""","=""0.00002""","=""417.331715""","=""0.000019""","=""220bl(Fe I)""","=""""",,"=""90397.873""","=""114352.875""","=""3d6.(5D).5p""","=""4D*""","=""7/2""","=""3d6.(5D).6d""","=""114352""","=""5/2""",,"=""""","=""L18349c148""",
"=""417.3450""","=""0.0015""","=""417.345122""","=""0.000014""","=""800""","=""4.4e+05""",C+,"=""20830.5534""","=""44784.7859""","=""3d6.(3P2).4s""","=""b 4P""","=""5/2""","=""3d6.(5D).4p""","=""z 4D*""","=""5/2""",,"=""T7589""","=""L7357,L18198""",
"=""417.58308""","=""0.00010""","=""417.583072""","=""0.000019""","=""40""","=""""",,"=""90487.827""","=""114428.410""","=""3d6.(5D).5p""","=""6F*""","=""5/2""","=""3d6.(5D).6d""","=""114428""","=""7/2""",,"=""""","=""L18349c139""",
"=""417.6003""","=""0.0004""","=""417.60046""","=""0.00012""","=""70""","=""""",,"=""54902.286""","=""78841.872""","=""3d6.(3P1).4s""","=""c 2P""","=""3/2""","=""3d6.(1D2).4p""","=""w 2P*""","=""1/2""",,"=""""","=""L18349c139""",
"=""417.88546""","=""0.00019""","=""417.885374""","=""0.000021""","=""210""","=""1.7e+05""",C,"=""20830.5534""","=""44753.8179""","=""3d6.(3P2).4s""","=""b 4P""","=""5/2""","=""3d6.(5D).4p""","=""z 4F*""","=""7/2""",,"=""T7589""","=""L18349c139""",
"=""418.0613""","=""0.0003""","=""418.060783""","=""0.000019""","=""60""","=""""",,"=""79439.496""","=""103352.723""","=""3d6.(5D).5s""","=""e 4D""","=""7/2""","=""3d6.(5D<3>).4f""","=""2[5]*""","=""9/2""",,"=""""","=""L18349c139""",
"=""418.0823""","=""0.0007""","=""418.082865""","=""0.000019""","=""16""","=""""",,"=""83459.721""","=""107371.685""","=""3d6.(5D).4d""","=""e 6F""","=""3/2""","=""3d5.(2D1).4s.4p.(3P*)""","=""4D*""","=""5/2""",,"=""""","=""L18349c139""",
"=""""","=""""","=""418.09796""","=""0.00005""","=""""","=""2.2e+04""",E,"=""38214.503""","=""62125.604""","=""3d6.(1D2).4s""","=""c 2D""","=""3/2""","=""3d6.(3P2).4p""","=""z 2D*""","=""3/2""",,"=""T6892c83""","=""""",
"=""418.19653""","=""0.00009""","=""418.197001""","=""0.000021""","=""50""","=""""",,"=""90901.130""","=""114806.568""","=""3d6.(5D).5p""","=""4P*""","=""5/2""","=""3d6.(5D).6d""","=""4G""","=""5/2""",,"=""""","=""L18349c145""",
"=""418.2269""","=""0.0003""","=""418.227075""","=""0.000019""","=""16""","=""""",,"=""90386.533""","=""114290.252""","=""3d6.(5D).5p""","=""6F*""","=""9/2""","=""3d6.(5D).6d""","=""6G""","=""9/2""",,"=""""","=""L18349c139""",
"=""418.42560""","=""0.00010""","=""418.425582""","=""0.000019""","=""40""","=""""",,"=""90397.873""","=""114290.252""","=""3d6.(5D).5p""","=""4D*""","=""7/2""","=""3d6.(5D).6d""","=""6G""","=""9/2""",,"=""""","=""L18349c139""",
"=""418.4815""","=""0.0003""","=""418.481702""","=""0.000021""","=""17""","=""""",,"=""90067.357""","=""113956.532""","=""3d6.(3F1).4p""","=""4G*""","=""9/2""","=""3d6.(5D).6d""","=""6D""","=""9/2""",,"=""""","=""L18349c139""",
"=""418.8976""","=""0.0006""","=""418.897308""","=""0.000019""","=""8""","=""""",,"=""90780.623""","=""114646.097""","=""3d6.(5D).5p""","=""4F*""","=""7/2""","=""3d6.(5D).6d""","=""4G""","=""7/2""",,"=""""","=""L18349c139""",
"=""419.00134""","=""0.00008""","=""419.001386""","=""0.000021""","=""50""","=""""",,"=""90300.628""","=""114160.174""","=""3d6.(5D).5p""","=""6F*""","=""7/2""","=""3d6.(5D).6d""","=""4F""","=""9/2""",,"=""""","=""L18349c139""",
"=""419.8355""","=""0.0002""","=""419.835441""","=""0.000023""","=""15""","=""""",,"=""91167.936""","=""114980.083""","=""3d6.(5D).5p""","=""w 6P*""","=""7/2""","=""3d6.(5D).6d""","=""6P""","=""7/2""",,"=""""","=""L18349c139""",
"=""419.94838""","=""0.00003""","=""419.948454""","=""0.000021""","=""170""","=""""",,"=""89924.150""","=""113729.889""","=""3d6.(5D).5p""","=""6F*""","=""11/2""","=""3d6.(5D).6d""","=""6G""","=""13/2""",,"=""""","=""L18349c139""",
"=""420.05170""","=""0.00007""","=""420.051750""","=""0.000020""","=""70""","=""""",,"=""90067.357""","=""113867.242""","=""3d6.(3F1).4p""","=""4G*""","=""9/2""","=""3d6.(5D).6d""","=""6G""","=""11/2""",,"=""""","=""L18349c139""",
"=""420.2330""","=""0.0004""","=""420.233584""","=""0.000020""","=""16bl(Fe I)""","=""""",,"=""90638.823""","=""114428.410""","=""3d6.(5D).5p""","=""4D*""","=""5/2""","=""3d6.(5D).6d""","=""114428""","=""7/2""",,"=""""","=""L18349c148""",
"=""420.2987""","=""0.0002""","=""420.298796""","=""0.000020""","=""18""","=""""",,"=""89444.455""","=""113230.351""","=""3d5.(4P).4s.4p.(3P*)""","=""6P*""","=""5/2""","=""3d6.(5D).7s""","=""6D""","=""3/2""",,"=""""","=""L18349c139""",
"=""420.4854""","=""0.0003""","=""420.485231""","=""0.000020""","=""12""","=""""",,"=""90397.873""","=""114173.223""","=""3d6.(5D).5p""","=""4D*""","=""7/2""","=""3d6.(5D).6d""","=""6D""","=""7/2""",,"=""""","=""L18349c139""",
"=""420.5153""","=""0.0002""","=""420.515459""","=""0.000020""","=""16""","=""""",,"=""90386.533""","=""114160.174""","=""3d6.(5D).5p""","=""6F*""","=""9/2""","=""3d6.(5D).6d""","=""4F""","=""9/2""",,"=""""","=""L18349c139""",
"=""420.55382""","=""0.00003""","=""420.55355""","=""0.00004""","=""500bl(Fe I)""","=""""",,"=""79331.361""","=""103102.849""","=""3d5.(6S).4s.4p.(1P*)""","=""x 6P*""","=""7/2""","=""3d6.(3P2).4d""","=""4D""","=""7/2""",,"=""""","=""L18349c148""",
"=""420.55890""","=""0.00004""","=""420.558942""","=""0.000021""","=""140""","=""""",,"=""90386.533""","=""114157.716""","=""3d6.(5D).5p""","=""6F*""","=""9/2""","=""3d6.(5D).6d""","=""4G""","=""11/2""",,"=""""","=""L18349c139""",
"=""420.77486""","=""0.00019""","=""420.774970""","=""0.000020""","=""27""","=""""",,"=""89471.372""","=""113230.351""","=""3d6.(5D).5p""","=""6D*""","=""1/2""","=""3d6.(5D).7s""","=""6D""","=""3/2""",,"=""""","=""L18349c139""",
"=""420.7861""","=""0.0002""","=""420.786234""","=""0.000020""","=""19""","=""""",,"=""91048.225""","=""114806.568""","=""3d6.(3P1).5p""","=""4P*""","=""3/2""","=""3d6.(5D).6d""","=""4G""","=""5/2""",,"=""""","=""L18349c139""",
"=""420.81605""","=""0.00017""","=""420.815973""","=""0.000020""","=""33""","=""""",,"=""89119.452""","=""112876.116""","=""3d6.(5D).5p""","=""6D*""","=""5/2""","=""3d6.(5D).7s""","=""4D""","=""7/2""",,"=""""","=""L18349c139""",
"=""421.02324""","=""0.00016""","=""421.023275""","=""0.000020""","=""27""","=""""",,"=""90901.130""","=""114646.097""","=""3d6.(5D).5p""","=""4P*""","=""5/2""","=""3d6.(5D).6d""","=""4G""","=""7/2""",,"=""""","=""L18349c139""",
"=""421.6570""","=""0.0004""","=""421.657008""","=""0.000020""","=""12""","=""""",,"=""90300.628""","=""114009.908""","=""3d6.(5D).5p""","=""6F*""","=""7/2""","=""3d6.(5D).6d""","=""4D""","=""7/2""",,"=""""","=""L18349c139""",
"=""421.78938""","=""0.00008""","=""421.789351""","=""0.000021""","=""70""","=""""",,"=""90780.623""","=""114482.464""","=""3d6.(5D).5p""","=""4F*""","=""7/2""","=""3d6.(5D).6d""","=""4G""","=""9/2""",,"=""""","=""L18349c139""",
"=""421.8220""","=""0.0004""","=""421.821261""","=""0.000020""","=""23""","=""1.5e+05""",D,"=""84266.594""","=""107966.642""","=""3d6.(5D).4d""","=""6P""","=""7/2""","=""3d5.(4F).4s.4p.(3P*)""","=""6D*""","=""9/2""",,"=""T6892c83""","=""L18349c139""",
"=""422.28911""","=""0.00003""","=""422.289173""","=""0.000023""","=""170""","=""""",,"=""88723.398""","=""112397.186""","=""3d6.(5D).5p""","=""6D*""","=""9/2""","=""3d6.(5D).7s""","=""6D""","=""9/2""",,"=""""","=""L18349c139""",
"=""422.417129""","=""0.000020""","=""422.41650""","=""0.00005""","=""1600bl(Fe I)""","=""""",,"=""89890.396""","=""113557.048""","=""3d6.(3F1).4p""","=""4G*""","=""7/2""","=""3d6.(5D).6d""","=""6F""","=""9/2""",,"=""""","=""L18349c148""",
"=""422.60787""","=""0.00013""","=""422.607699""","=""0.000020""","=""40bl(Fe II)*""","=""""",,"=""89331.199""","=""112987.144""","=""3d6.(5D).5p""","=""6D*""","=""3/2""","=""3d6.(5D).7s""","=""6D""","=""5/2""",,"=""""","=""L18349c148""",
"=""422.60787""","=""0.00013""","=""422.608432""","=""0.000020""","=""40bl(Fe II)*""","=""""",,"=""90300.628""","=""113956.532""","=""3d6.(5D).5p""","=""6F*""","=""7/2""","=""3d6.(5D).6d""","=""6D""","=""9/2""",,"=""""","=""L18349c148""",
"=""422.88067""","=""0.00017""","=""422.88116""","=""0.00007""","=""50""","=""""",,"=""86929.664""","=""110570.312""","=""3d6.(3P1).4p""","=""v 4D*""","=""7/2""","=""3d6.(3G).4d""","=""2F""","=""7/2""",,"=""""","=""L18349c148""",
"=""423.0200""","=""0.0003""","=""423.019838""","=""0.000020""","=""17""","=""""",,"=""89924.150""","=""113557.048""","=""3d6.(5D).5p""","=""6F*""","=""11/2""","=""3d6.(5D).6d""","=""6F""","=""9/2""",,"=""""","=""L18349c139""",
"=""423.2240""","=""0.0002""","=""423.22405""","=""0.00020""","=""23""","=""""",,"=""80346.060""","=""103967.555""","=""3d6.(5D).5s""","=""e 4D""","=""1/2""","=""3d5.(4P).4s.4p.(3P*)""","=""2S*""","=""1/2""",,"=""""","=""L18349c139""",
"=""423.31627""","=""0.00004""","=""423.316223""","=""0.000020""","=""1000""","=""7.2e+05""",C+,"=""20830.5534""","=""44446.9051""","=""3d6.(3P2).4s""","=""b 4P""","=""5/2""","=""3d6.(5D).4p""","=""z 4D*""","=""7/2""",,"=""T7589""","=""L18349c139""",
"=""423.39332""","=""0.00010""","=""423.393615""","=""0.000020""","=""50""","=""""",,"=""90397.873""","=""114009.908""","=""3d6.(5D).5p""","=""4D*""","=""7/2""","=""3d6.(5D).6d""","=""4D""","=""7/2""",,"=""""","=""L18349c139""",
"=""423.53870""","=""0.00006""","=""423.538803""","=""0.000020""","=""70bl(Fe I)""","=""""",,"=""89924.150""","=""113528.091""","=""3d6.(5D).5p""","=""6F*""","=""11/2""","=""3d6.(5D).6d""","=""6F""","=""11/2""",,"=""""","=""L18349c148""",
"=""423.65118""","=""0.00013""","=""423.651251""","=""0.000022""","=""40""","=""""",,"=""91208.892""","=""114806.568""","=""3d6.(5D).5p""","=""4F*""","=""3/2""","=""3d6.(5D).6d""","=""4G""","=""5/2""",,"=""""","=""L18349c139""",
"=""424.01067""","=""0.00009""","=""424.01133""","=""0.00004""","=""19bl(Ne)""","=""""",,"=""104315.373""","=""127893.010""","=""3d6.(3H).4d""","=""2K""","=""13/2""","=""3d6.(3G<4>).4f""","=""2[7]*""","=""15/2""",,"=""""","=""L18349c148""",
"=""424.04893""","=""0.00013""","=""424.049203""","=""0.000022""","=""35""","=""""",,"=""91070.566""","=""114646.097""","=""3d6.(5D).5p""","=""4F*""","=""5/2""","=""3d6.(5D).6d""","=""4G""","=""7/2""",,"=""""","=""L18349c139""",
"=""424.0640""","=""0.0004""","=""424.064223""","=""0.000023""","=""20""","=""""",,"=""90901.130""","=""114475.826""","=""3d6.(5D).5p""","=""4P*""","=""5/2""","=""3d6.(5D).6d""","=""114475""","=""5/2""",,"=""""","=""L18349c139""",
"=""424.4537""","=""0.0003""","=""424.453454""","=""0.000022""","=""20""","=""""",,"=""90780.623""","=""114333.701""","=""3d6.(5D).5p""","=""4F*""","=""7/2""","=""3d6.(5D).6d""","=""114333""","=""7/2""",,"=""""","=""L18349c139""",
"=""424.62345""","=""0.00005""","=""424.623411""","=""0.000022""","=""100""","=""""",,"=""88853.535""","=""112397.186""","=""3d6.(5D).5p""","=""6D*""","=""7/2""","=""3d6.(5D).7s""","=""6D""","=""9/2""",,"=""""","=""L18349c139""",
"=""424.9993""","=""0.0004""","=""424.999215""","=""0.000022""","=""15""","=""""",,"=""84424.422""","=""107947.255""","=""3d6.(5D).4d""","=""6P""","=""3/2""","=""3d6.(5D).6p""","=""4P*""","=""3/2""",,"=""""","=""L18349c139""",
"=""425.0429""","=""0.0003""","=""425.042546""","=""0.000020""","=""140""","=""1.2e+06""",D+,"=""61974.931""","=""85495.366""","=""3d5.(6S).4s.4p.(3P*)""","=""y 6P*""","=""3/2""","=""3d6.(5D).4d""","=""6S""","=""5/2""",,"=""T6892c83""","=""L18349c139""",
"=""425.2765""","=""0.0003""","=""425.275815""","=""0.000020""","=""36""","=""""",,"=""82853.704""","=""106361.238""","=""3d6.(5D).4d""","=""e 6F""","=""11/2""","=""3d6.(5D).6p""","=""6D*""","=""9/2""",,"=""""","=""L18349c139""",
"=""425.6267""","=""0.0003""","=""425.626878""","=""0.000020""","=""19""","=""""",,"=""89119.452""","=""112607.597""","=""3d6.(5D).5p""","=""6D*""","=""5/2""","=""3d6.(5D).7s""","=""6D""","=""7/2""",,"=""""","=""L18349c139""",
"=""425.7618""","=""0.0004""","=""425.761671""","=""0.000024""","=""13""","=""""",,"=""90386.533""","=""113867.242""","=""3d6.(5D).5p""","=""6F*""","=""9/2""","=""3d6.(5D).6d""","=""6G""","=""11/2""",,"=""""","=""L18349c139""",
"=""425.7921""","=""0.0002""","=""425.792154""","=""0.000022""","=""19""","=""""",,"=""89128.569""","=""112607.597""","=""3d5.(4P).4s.4p.(3P*)""","=""6P*""","=""7/2""","=""3d6.(5D).7s""","=""6D""","=""7/2""",,"=""""","=""L18349c139""",
"=""425.8155""","=""0.0015""","=""425.814799""","=""0.000016""","=""80""","=""3.e+04""",E,"=""21812.0454""","=""45289.8248""","=""3d6.(3P2).4s""","=""b 4P""","=""3/2""","=""3d6.(5D).4p""","=""z 4F*""","=""3/2""",,"=""T6892c83""","=""L7357""",
"=""425.9428""","=""0.0008""","=""425.943402""","=""0.000018""","=""16""","=""""",,"=""83726.416""","=""107197.107""","=""3d6.(5D).4d""","=""6D""","=""9/2""","=""3d6.(5D).6p""","=""6P*""","=""7/2""",,"=""""","=""L18349c139""",
"=""426.5970""","=""0.0004""","=""426.597305""","=""0.000022""","=""11""","=""""",,"=""91575.149""","=""115009.864""","=""3d6.(5D).5p""","=""w 6P*""","=""5/2""","=""3d6.(5D).6d""","=""6P""","=""3/2""",,"=""""","=""L18349c139""",
"=""427.14004""","=""0.00012""","=""427.140128""","=""0.000022""","=""34""","=""""",,"=""91575.149""","=""114980.083""","=""3d6.(5D).5p""","=""w 6P*""","=""5/2""","=""3d6.(5D).6d""","=""6P""","=""7/2""",,"=""""","=""L18349c139""",
"=""427.1942""","=""0.0002""","=""427.194265""","=""0.000020""","=""23bl(Fe I)""","=""""",,"=""84326.967""","=""107728.935""","=""3d6.(5D).4d""","=""6P""","=""5/2""","=""3d5.(2D3).4s.4p.(3P*)""","=""2D*""","=""5/2""",,"=""""","=""L18349c148""",
"=""427.3317""","=""0.0015""","=""427.332007""","=""0.000017""","=""80""","=""9.e+04""",E,"=""21812.0454""","=""45206.4704""","=""3d6.(3P2).4s""","=""b 4P""","=""3/2""","=""3d6.(5D).4p""","=""z 4D*""","=""1/2""",,"=""T6892c83""","=""L7357""",
"=""428.2195""","=""0.0005""","=""428.22024""","=""0.00006""","=""13""","=""""",,"=""89890.396""","=""113236.296""","=""3d6.(3F1).4p""","=""4G*""","=""7/2""","=""3d6.(5D).7s""","=""4D""","=""5/2""",,"=""""","=""L18349c139""",
"=""""","=""""","=""428.739327""","=""0.000011""","=""""","=""1.37e+00""",C,"=""0.0000""","=""23317.6351""","=""3d6.(5D).4s""","=""a 6D""","=""9/2""","=""3d5.4s2""","=""a 6S""","=""5/2""",E2,"=""T6677""","=""""",
"=""428.97755""","=""0.00018""","=""428.978221""","=""0.000020""","=""20""","=""""",,"=""91048.225""","=""114352.875""","=""3d6.(3P1).5p""","=""4P*""","=""3/2""","=""3d6.(5D).6d""","=""114352""","=""5/2""",,"=""""","=""L18349c148""",
"=""429.0595""","=""0.0003""","=""429.05965""","=""0.00003""","=""50""","=""""",,"=""79243.462""","=""102543.689""","=""3d6.(1D2).4p""","=""w 2P*""","=""3/2""","=""3d6.(5D).6s""","=""6D""","=""3/2""",,"=""""","=""L18349c139""",
"=""429.08643""","=""0.00005""","=""429.086338""","=""0.000024""","=""150bl(Fe I)""","=""""",,"=""84424.422""","=""107723.200""","=""3d6.(5D).4d""","=""6P""","=""3/2""","=""3d6.(5D).6p""","=""6F*""","=""1/2""",,"=""""","=""L18349c148""",
"=""429.6567""","=""0.0015""","=""429.656577""","=""0.000017""","=""320""","=""7.e+04""",E,"=""21812.0454""","=""45079.9019""","=""3d6.(3P2).4s""","=""b 4P""","=""3/2""","=""3d6.(5D).4p""","=""z 4F*""","=""5/2""",,"=""T6892c83""","=""L7357""",
"=""429.8681""","=""0.0007""","=""429.867868""","=""0.000022""","=""9""","=""""",,"=""90300.628""","=""113557.048""","=""3d6.(5D).5p""","=""6F*""","=""7/2""","=""3d6.(5D).6d""","=""6F""","=""9/2""",,"=""""","=""L18349c139""",
"=""430.3168""","=""0.0003""","=""430.317018""","=""0.000020""","=""110""","=""2.2e+05""",D+,"=""21812.0454""","=""45044.1916""","=""3d6.(3P2).4s""","=""b 4P""","=""3/2""","=""3d6.(5D).4p""","=""z 4D*""","=""3/2""",,"=""T7589""","=""L18349c139""",
"=""430.45403""","=""0.00002""","=""430.454430""","=""0.000021""","=""500bl(Fe I)""","=""""",,"=""83136.508""","=""106361.238""","=""3d6.(5D).4d""","=""e 6F""","=""7/2""","=""3d6.(5D).6p""","=""6D*""","=""9/2""",,"=""""","=""L18349c148""",
"=""430.83114""","=""0.00017""","=""430.831533""","=""0.000022""","=""26""","=""""",,"=""91843.485""","=""115047.887""","=""3d6.(5D).5p""","=""w 6P*""","=""3/2""","=""3d6.(5D).6d""","=""6P""","=""5/2""",,"=""""","=""L18349c139""",
"=""431.23919""","=""0.00011""","=""431.23915""","=""0.00009""","=""11""","=""""",,"=""104873.232""","=""128055.701""","=""3d6.(5D).5d""","=""4D""","=""7/2""","=""3d6.(3G<3>).4f""","=""2[5]*""","=""9/2""",,"=""""","=""L18349c139""",
"=""431.77126""","=""0.00011""","=""431.771461""","=""0.000021""","=""16""","=""""",,"=""90780.623""","=""113934.512""","=""3d6.(5D).5p""","=""4F*""","=""7/2""","=""3d6.(5D).6d""","=""6D""","=""5/2""",,"=""""","=""L18349c139""",
"=""433.2998""","=""0.0003""","=""433.299835""","=""0.000024""","=""35""","=""""",,"=""80346.060""","=""103418.280""","=""3d6.(5D).5s""","=""e 4D""","=""1/2""","=""3d6.(5D<3>).4f""","=""2[0]*""","=""1/2""",,"=""""","=""L18349c139""",
"=""433.3218""","=""0.0004""","=""433.32128""","=""0.00009""","=""4""","=""""",,"=""104411.671""","=""127482.749""","=""3d6.(5D).5d""","=""6D""","=""9/2""","=""3d6.(3G<5>).4f""","=""2[6]*""","=""11/2""",,"=""""","=""L18349c139""",
"=""433.6309""","=""0.0005""","=""433.630962""","=""0.000023""","=""14""","=""""",,"=""85184.773""","=""108239.375""","=""3d6.(5D).4d""","=""e 4G""","=""9/2""","=""3d5.(2F1).4s.4p.(3P*)""","=""4D*""","=""7/2""",,"=""""","=""L18349c139""",
"=""434.6922""","=""0.0004""","=""434.69217""","=""0.00006""","=""25""","=""""",,"=""83868.450""","=""106866.770""","=""3d6.(1F).4p""","=""v 2D*""","=""5/2""","=""3d6.(3F2).4d""","=""4F""","=""5/2""",,"=""""","=""L18349c139""",
"=""434.80635""","=""0.00002""","=""434.807161""","=""0.000023""","=""20000bl(Ar)""","=""""",,"=""91167.936""","=""114160.174""","=""3d6.(5D).5p""","=""w 6P*""","=""7/2""","=""3d6.(5D).6d""","=""4F""","=""9/2""",,"=""""","=""L18349c148""",
"=""435.17629""","=""0.00006""","=""435.176199""","=""0.000021""","=""600""","=""4.9e+05""",C+,"=""21812.0454""","=""44784.7859""","=""3d6.(3P2).4s""","=""b 4P""","=""3/2""","=""3d6.(5D).4p""","=""z 4D*""","=""5/2""",,"=""T7589""","=""L18349c139""",
"=""435.6516""","=""0.0004""","=""435.650843""","=""0.000021""","=""60""","=""""",,"=""80178.005""","=""103125.717""","=""3d6.(5D).5s""","=""e 4D""","=""3/2""","=""3d6.(5D<4>).4f""","=""2[1]*""","=""1/2""",,"=""""","=""L18349c139""",
"=""435.7571""","=""0.0004""","=""435.75734""","=""0.00008""","=""100""","=""9.e+05""",D+,"=""49100.956""","=""72043.060""","=""3d6.(3P1).4s""","=""c 4P""","=""1/2""","=""3d6.(3D).4p""","=""w 4P*""","=""3/2""",,"=""T6892c83""","=""L18349c139""",
"=""435.8162""","=""0.0004""","=""435.81630""","=""0.00006""","=""70""","=""2.5e+06""",D+,"=""76129.465""","=""99068.465""","=""3d6.(1S2).4p""","=""x 2P*""","=""3/2""","=""3d6.(3P2).5s""","=""2P""","=""3/2""",,"=""T6892c83""","=""L18349c139""",
"=""""","=""""","=""435.933219""","=""0.000012""","=""""","=""1.02e+00""",C,"=""384.7872""","=""23317.6351""","=""3d6.(5D).4s""","=""a 6D""","=""7/2""","=""3d5.4s2""","=""a 6S""","=""5/2""",E2,"=""T6677""","=""""",
"=""436.1589""","=""0.0004""","=""436.159071""","=""0.000021""","=""23""","=""""",,"=""84296.881""","=""107217.854""","=""3d6.(5D).4d""","=""e 6G""","=""11/2""","=""3d6.(5D).6p""","=""6F*""","=""9/2""",,"=""""","=""L18349c139""",
"=""436.5744""","=""0.0003""","=""436.574435""","=""0.000019""","=""50bl(Ne)""","=""""",,"=""84266.594""","=""107165.760""","=""3d6.(5D).4d""","=""6P""","=""7/2""","=""3d6.(5D).6p""","=""4F*""","=""7/2""",,"=""""","=""L18349c148""",
"=""436.7376""","=""0.0006""","=""436.73668""","=""0.00006""","=""11""","=""""",,"=""87537.646""","=""110428.305""","=""3d5.(4G).4s.4p.(3P*)""","=""y 6F*""","=""7/2""","=""3d6.(3G).4d""","=""4F""","=""5/2""",,"=""""","=""L18349c139""",
"=""436.9400""","=""0.0007""","=""436.94002""","=""0.00003""","=""70""","=""2.3e+04""",E,"=""22409.8178""","=""45289.8248""","=""3d6.(3P2).4s""","=""b 4P""","=""1/2""","=""3d6.(5D).4p""","=""z 4F*""","=""3/2""",,"=""T6892c83""","=""L18349c139""",
"=""437.3695""","=""0.0003""","=""437.36940""","=""0.00003""","=""32""","=""""",,"=""84035.172""","=""106892.717""","=""3d6.(5D).4d""","=""e 6G""","=""13/2""","=""3d6.(5D).6p""","=""6F*""","=""11/2""",,"=""""","=""L18349c139""",
"=""""","=""""","=""438.274421""","=""0.000010""","=""""","=""5.14e-02""",C+,"=""0.0000""","=""22810.3459""","=""3d6.(5D).4s""","=""a 6D""","=""9/2""","=""3d6.(3F2).4s""","=""b 4F""","=""7/2""",M1,"=""T6677""","=""""",
"=""""","=""""","=""438.431313""","=""0.000012""","=""""","=""7.e+03""",E,"=""21430.3564""","=""44232.5398""","=""3d6.(3H).4s""","=""a 4H""","=""11/2""","=""3d6.(5D).4p""","=""z 4F*""","=""9/2""",,"=""T6892c83""","=""""",
"=""438.5379""","=""0.0002""","=""438.53768""","=""0.00003""","=""130""","=""4.5e+05""",D,"=""22409.8178""","=""45206.4704""","=""3d6.(3P2).4s""","=""b 4P""","=""1/2""","=""3d6.(5D).4p""","=""z 4D*""","=""1/2""",,"=""T6892c83""","=""L18349c139""",
"=""438.6156""","=""0.0005""","=""438.61641""","=""0.00006""","=""100""","=""""",,"=""38164.220""","=""60956.781""","=""3d6.(1D2).4s""","=""c 2D""","=""5/2""","=""3d6.(3H).4p""","=""z 4G*""","=""7/2""",,"=""""","=""L18349c139""",
"=""438.92446""","=""0.00002""","=""438.923762""","=""0.000019""","=""500bl(Fe I)""","=""""",,"=""90593.511""","=""113370.112""","=""3d6.(5D).5p""","=""6F*""","=""3/2""","=""3d6.(5D).7s""","=""6D""","=""1/2""",,"=""""","=""L18349c148""",
"=""439.1165""","=""0.0014""","=""439.115980""","=""0.000023""","=""40bl(Fe II)*""","=""""",,"=""62962.215""","=""85728.846""","=""3d6.(3P2).4p""","=""y 4D*""","=""3/2""","=""3d6.(5D).4d""","=""4S""","=""3/2""",,"=""""","=""L18349c146""",
"=""439.1165""","=""0.0014""","=""439.117041""","=""0.000023""","=""40bl(Fe II)*""","=""""",,"=""91167.936""","=""113934.512""","=""3d6.(5D).5p""","=""w 6P*""","=""7/2""","=""3d6.(5D).6d""","=""6D""","=""5/2""",,"=""""","=""L18349c146""",
"=""439.5137""","=""0.0013""","=""439.51338""","=""0.00004""","=""25""","=""1.0e+06""",D+,"=""79284.919""","=""102030.965""","=""3d5.(6S).4s.4p.(1P*)""","=""x 6P*""","=""5/2""","=""3d6.(5D).6s""","=""6D""","=""7/2""",,"=""T6892c83""","=""L18349c139""",
"=""439.58141""","=""0.00014""","=""439.581449""","=""0.000019""","=""33""","=""""",,"=""90487.827""","=""113230.351""","=""3d6.(5D).5p""","=""6F*""","=""5/2""","=""3d6.(5D).7s""","=""6D""","=""3/2""",,"=""""","=""L18349c139""",
"=""439.7912""","=""0.0008""","=""439.79189""","=""0.00006""","=""60bl(Ne)""","=""""",,"=""49506.922""","=""72238.564""","=""3d6.(3P1).4s""","=""c 4P""","=""3/2""","=""3d6.(3D).4p""","=""w 4F*""","=""5/2""",,"=""""","=""L18349c146""",
"=""439.9803""","=""0.0003""","=""439.980800""","=""0.000019""","=""16""","=""""",,"=""90648.230""","=""113370.112""","=""3d6.(5D).5p""","=""6F*""","=""1/2""","=""3d6.(5D).7s""","=""6D""","=""1/2""",,"=""""","=""L18349c139""",
"=""440.14425""","=""0.00003""","=""440.14408""","=""0.00006""","=""400bl(Fe I)""","=""""",,"=""83305.229""","=""106018.682""","=""3d6.(1F).4p""","=""v 2G*""","=""7/2""","=""3d6.(3H).4d""","=""2H""","=""9/2""",,"=""""","=""L18349c148""",
"=""440.2879""","=""0.0004""","=""440.28726""","=""0.00008""","=""100""","=""4.7e+05""",D,"=""49506.922""","=""72212.989""","=""3d6.(3P1).4s""","=""c 4P""","=""3/2""","=""3d6.(3D).4p""","=""w 4P*""","=""1/2""",,"=""T6892c83""","=""L18349c139""",
"=""440.66683""","=""0.00011""","=""440.66670""","=""0.00003""","=""50""","=""""",,"=""90300.628""","=""112987.144""","=""3d6.(5D).5p""","=""6F*""","=""7/2""","=""3d6.(5D).7s""","=""6D""","=""5/2""",,"=""""","=""L18349c139""",
"=""440.95187""","=""0.00008""","=""440.951781""","=""0.000022""","=""400""","=""""",,"=""61041.734""","=""83713.583""","=""3d6.(3H).4p""","=""z 4G*""","=""5/2""","=""3d6.(5D).4d""","=""6D""","=""7/2""",,"=""""","=""L18349c139""",
"=""441.3600""","=""0.0015""","=""441.359128""","=""0.000014""","=""15""","=""2.2e+03""",E,"=""21581.6151""","=""44232.5398""","=""3d6.(3H).4s""","=""a 4H""","=""9/2""","=""3d6.(5D).4p""","=""z 4F*""","=""9/2""",,"=""T6892c83""","=""L7357""",
"=""""","=""""","=""441.378078""","=""0.000012""","=""""","=""7.3e-01""",C,"=""667.6829""","=""23317.6351""","=""3d6.(5D).4s""","=""a 6D""","=""5/2""","=""3d5.4s2""","=""a 6S""","=""5/2""",E2,"=""T6677""","=""""",
"=""""","=""""","=""441.626821""","=""0.000012""","=""""","=""4.19e-01""",C+,"=""0.0000""","=""22637.1950""","=""3d6.(5D).4s""","=""a 6D""","=""9/2""","=""3d6.(3F2).4s""","=""b 4F""","=""9/2""",M1,"=""T6677""","=""""",
"=""441.6339""","=""0.0002""","=""441.633747""","=""0.000022""","=""20bl(Ne)""","=""""",,"=""90593.511""","=""113230.351""","=""3d6.(5D).5p""","=""6F*""","=""3/2""","=""3d6.(5D).7s""","=""6D""","=""3/2""",,"=""""","=""L18349c148""",
"=""441.6818""","=""0.0003""","=""441.68187""","=""0.00003""","=""130bl(Ne)""","=""2.1e+05""",D,"=""22409.8178""","=""45044.1916""","=""3d6.(3P2).4s""","=""b 4P""","=""1/2""","=""3d6.(5D).4p""","=""z 4D*""","=""3/2""",,"=""T6892c83""","=""L18349c148""",
"=""442.0990""","=""0.0007""","=""442.098961""","=""0.000023""","=""14""","=""""",,"=""84685.245""","=""107298.265""","=""3d6.(5D).4d""","=""f 4D""","=""7/2""","=""3d5.(2F1).4s.4p.(3P*)""","=""4G*""","=""5/2""",,"=""""","=""L18349c139""",
"=""442.3907""","=""0.0007""","=""442.391363""","=""0.000020""","=""11""","=""""",,"=""91575.149""","=""114173.223""","=""3d6.(5D).5p""","=""w 6P*""","=""5/2""","=""3d6.(5D).6d""","=""6D""","=""7/2""",,"=""""","=""L18349c139""",
"=""442.4029""","=""0.0004""","=""442.403129""","=""0.000020""","=""12""","=""""",,"=""90638.823""","=""113236.296""","=""3d6.(5D).5p""","=""4D*""","=""5/2""","=""3d6.(5D).7s""","=""4D""","=""5/2""",,"=""""","=""L18349c139""",
"=""443.04386""","=""0.00010""","=""443.043861""","=""0.000020""","=""50""","=""""",,"=""90042.804""","=""112607.597""","=""3d6.(5D).5p""","=""4F*""","=""9/2""","=""3d6.(5D).7s""","=""6D""","=""7/2""",,"=""""","=""L18349c139""",
"=""""","=""""","=""443.244795""","=""0.000012""","=""""","=""4.88e-02""",C+,"=""384.7872""","=""22939.3512""","=""3d6.(5D).4s""","=""a 6D""","=""7/2""","=""3d6.(3F2).4s""","=""b 4F""","=""5/2""",M1,"=""T6677""","=""""",
"=""443.52653""","=""0.00009""","=""443.526476""","=""0.000020""","=""50""","=""""",,"=""90067.357""","=""112607.597""","=""3d6.(3F1).4p""","=""4G*""","=""9/2""","=""3d6.(5D).7s""","=""6D""","=""7/2""",,"=""""","=""L18349c139""",
"=""444.0428""","=""0.0002""","=""444.04187""","=""0.00014""","=""240""","=""""",,"=""54063.358""","=""76577.436""","=""3d6.(3P1).4s""","=""c 2P""","=""1/2""","=""3d6.(1S2).4p""","=""x 2P*""","=""1/2""",,"=""""","=""L18349c145""",
"=""444.3327""","=""0.0003""","=""444.333200""","=""0.000022""","=""16""","=""""",,"=""90487.827""","=""112987.144""","=""3d6.(5D).5p""","=""6F*""","=""5/2""","=""3d6.(5D).7s""","=""6D""","=""5/2""",,"=""""","=""L18349c139""",
"=""444.52550""","=""0.00005""","=""444.525520""","=""0.000020""","=""90""","=""""",,"=""90386.533""","=""112876.116""","=""3d6.(5D).5p""","=""6F*""","=""9/2""","=""3d6.(5D).7s""","=""4D""","=""7/2""",,"=""""","=""L18349c139""",
"=""444.64398""","=""0.00020""","=""444.64381""","=""0.00003""","=""30bl(Ne)""","=""""",,"=""91915.570""","=""114399.170""","=""3d5.(4D).4s.4p.(3P*)""","=""6F*""","=""3/2""","=""3d6.(5D).6d""","=""114399""","=""3/2""",,"=""""","=""L18349c148""",
"=""444.74970""","=""0.00008""","=""444.749782""","=""0.000020""","=""60""","=""""",,"=""90397.873""","=""112876.116""","=""3d6.(5D).5p""","=""4D*""","=""7/2""","=""3d6.(5D).7s""","=""4D""","=""7/2""",,"=""""","=""L18349c139""",
"=""444.78054""","=""0.00018""","=""444.78055""","=""0.00004""","=""120bl(Fe II)*""","=""""",,"=""50142.811""","=""72619.499""","=""3d6.(3F1).4s""","=""c 4F""","=""5/2""","=""3d6.(3D).4p""","=""w 4D*""","=""5/2""",,"=""""","=""L18349c148""",
"=""444.78054""","=""0.00018""","=""444.781046""","=""0.000020""","=""120bl(Fe II)*""","=""""",,"=""92329.905""","=""114806.568""","=""3d5.(4G).4s.4p.(3P*)""","=""v 4F*""","=""5/2""","=""3d6.(5D).6d""","=""4G""","=""5/2""",,"=""""","=""L18349c148""",
"=""444.85281""","=""0.00003""","=""444.852832""","=""0.000024""","=""220""","=""""",,"=""89924.150""","=""112397.186""","=""3d6.(5D).5p""","=""6F*""","=""11/2""","=""3d6.(5D).7s""","=""6D""","=""9/2""",,"=""""","=""L18349c139""",
"=""444.88794""","=""0.00002""","=""444.888506""","=""0.000024""","=""1700bl(Ar)""","=""""",,"=""90898.878""","=""113370.112""","=""3d6.(5D).5p""","=""4D*""","=""3/2""","=""3d6.(5D).7s""","=""6D""","=""1/2""",,"=""""","=""L18349c148""",
"=""444.9610""","=""0.0006""","=""444.961119""","=""0.000020""","=""60""","=""8.e+05""",D+,"=""63948.803""","=""86416.370""","=""3d6.(3F2).4p""","=""y 4G*""","=""9/2""","=""3d6.(5D).4d""","=""e 4F""","=""7/2""",,"=""T6892c83""","=""L18349c139""",
"=""445.1542""","=""0.0004""","=""445.15408""","=""0.00006""","=""90""","=""6.9e+05""",D+,"=""49506.922""","=""71964.750""","=""3d6.(3P1).4s""","=""c 4P""","=""3/2""","=""3d6.(3D).4p""","=""w 4P*""","=""5/2""",,"=""T6892c83""","=""L18349c139""",
"=""445.19674""","=""0.00007""","=""445.196804""","=""0.000022""","=""70""","=""""",,"=""90780.623""","=""113236.296""","=""3d6.(5D).5p""","=""4F*""","=""7/2""","=""3d6.(5D).7s""","=""4D""","=""5/2""",,"=""""","=""L18349c139""",
"=""""","=""""","=""445.209685""","=""0.000012""","=""""","=""4.65e-01""",C,"=""862.6118""","=""23317.6351""","=""3d6.(5D).4s""","=""a 6D""","=""3/2""","=""3d5.4s2""","=""a 6S""","=""5/2""",E2,"=""T6677""","=""""",
"=""445.64509""","=""0.00015""","=""445.645202""","=""0.000022""","=""25""","=""""",,"=""91048.225""","=""113481.304""","=""3d6.(3P1).5p""","=""4P*""","=""3/2""","=""3d6.(5D).7s""","=""4D""","=""3/2""",,"=""""","=""L18349c139""",
"=""""","=""""","=""445.794649""","=""0.000012""","=""""","=""2.55e-01""",C+,"=""384.7872""","=""22810.3459""","=""3d6.(5D).4s""","=""a 6D""","=""7/2""","=""3d6.(3F2).4s""","=""b 4F""","=""7/2""",M1,"=""T6677""","=""""",
"=""445.96782""","=""0.00015""","=""445.967779""","=""0.000020""","=""28""","=""""",,"=""91208.892""","=""113625.745""","=""3d6.(5D).5p""","=""4F*""","=""3/2""","=""3d6.(5D).7s""","=""4D""","=""1/2""",,"=""""","=""L18349c139""",
"=""446.08931""","=""0.00011""","=""446.089468""","=""0.000020""","=""40""","=""""",,"=""91070.566""","=""113481.304""","=""3d6.(5D).5p""","=""4F*""","=""5/2""","=""3d6.(5D).7s""","=""4D""","=""3/2""",,"=""""","=""L18349c139""",
"=""446.17108""","=""0.00020""","=""446.17060""","=""0.00004""","=""90""","=""5.e+05""",D,"=""50212.836""","=""72619.499""","=""3d6.(3P1).4s""","=""c 4P""","=""5/2""","=""3d6.(3D).4p""","=""w 4D*""","=""5/2""",,"=""T6892c83""","=""L18349c139""",
"=""446.95870""","=""0.00020""","=""446.95864""","=""0.00004""","=""70""","=""1.9e+06""",D+,"=""79331.361""","=""101698.519""","=""3d5.(6S).4s.4p.(1P*)""","=""x 6P*""","=""7/2""","=""3d6.(5D).6s""","=""6D""","=""9/2""",,"=""T6892c83""","=""L18349c139""",
"=""""","=""""","=""447.029751""","=""0.000014""","=""""","=""2.51e-02""",C+,"=""667.6829""","=""23031.2829""","=""3d6.(5D).4s""","=""a 6D""","=""5/2""","=""3d6.(3F2).4s""","=""b 4F""","=""3/2""",M1,"=""T6677""","=""""",
"=""447.11125""","=""0.00019""","=""447.111143""","=""0.000022""","=""40""","=""3.8e+05""",E,"=""86124.348""","=""108483.877""","=""3d6.(5D).4d""","=""e 4F""","=""9/2""","=""3d6.(3H).5p""","=""4G*""","=""11/2""",,"=""T6892c83""","=""L18349c139""",
"=""447.2921""","=""0.0015""","=""447.292295""","=""0.000016""","=""60""","=""2.5e+04""",E,"=""22939.3512""","=""45289.8248""","=""3d6.(3F2).4s""","=""b 4F""","=""5/2""","=""3d6.(5D).4p""","=""z 4F*""","=""3/2""",,"=""T6892c83""","=""L7357""",
"=""""","=""""","=""447.490277""","=""0.000014""","=""""","=""2.27e-01""",C,"=""977.0498""","=""23317.6351""","=""3d6.(5D).4s""","=""a 6D""","=""1/2""","=""3d5.4s2""","=""a 6S""","=""5/2""",E2,"=""T6677""","=""""",
"=""447.5533""","=""0.0002""","=""447.553730""","=""0.000022""","=""21""","=""""",,"=""90898.878""","=""113236.296""","=""3d6.(5D).5p""","=""4D*""","=""3/2""","=""3d6.(5D).7s""","=""4D""","=""5/2""",,"=""""","=""L18349c139""",
"=""447.7360""","=""0.0008""","=""447.73630""","=""0.00003""","=""6""","=""""",,"=""92154.154""","=""114482.464""","=""3d5.(4D).4s.4p.(3P*)""","=""6F*""","=""7/2""","=""3d6.(5D).6d""","=""4G""","=""9/2""",,"=""""","=""L18349c139""",
"=""447.9802""","=""0.0019""","=""447.979426""","=""0.000020""","=""9""","=""""",,"=""92329.905""","=""114646.097""","=""3d5.(4G).4s.4p.(3P*)""","=""v 4F*""","=""5/2""","=""3d6.(5D).6d""","=""4G""","=""7/2""",,"=""""","=""L18349c139""",
"=""448.16475""","=""0.00013""","=""448.16465""","=""0.00003""","=""33""","=""""",,"=""90300.628""","=""112607.597""","=""3d6.(5D).5p""","=""6F*""","=""7/2""","=""3d6.(5D).7s""","=""6D""","=""7/2""",,"=""""","=""L18349c139""",
"=""448.8081""","=""0.0007""","=""448.807724""","=""0.000020""","=""18""","=""""",,"=""85184.773""","=""107459.780""","=""3d6.(5D).4d""","=""e 4G""","=""9/2""","=""3d5.(2F1).4s.4p.(3P*)""","=""4G*""","=""7/2""",,"=""""","=""L18349c139""",
"=""""","=""""","=""448.875005""","=""0.000012""","=""""","=""1.35e-01""",C,"=""667.6829""","=""22939.3512""","=""3d6.(5D).4s""","=""a 6D""","=""5/2""","=""3d6.(3F2).4s""","=""b 4F""","=""5/2""",M1,"=""T6677""","=""""",
"=""448.9185""","=""0.0015""","=""448.917582""","=""0.000012""","=""140""","=""6.e+04""",E,"=""22810.3459""","=""45079.9019""","=""3d6.(3F2).4s""","=""b 4F""","=""7/2""","=""3d6.(5D).4p""","=""z 4F*""","=""5/2""",,"=""T6892c83""","=""L7357""",
"=""449.1400""","=""0.0003""","=""449.139722""","=""0.000020""","=""130""","=""1.9e+05""",C,"=""23031.2829""","=""45289.8248""","=""3d6.(3F2).4s""","=""b 4F""","=""3/2""","=""3d6.(5D).4p""","=""z 4F*""","=""3/2""",,"=""T7589""","=""L18349c139""",
"=""""","=""""","=""449.263534""","=""0.000012""","=""""","=""5.61e-02""",C+,"=""384.7872""","=""22637.1950""","=""3d6.(5D).4s""","=""a 6D""","=""7/2""","=""3d6.(3F2).4s""","=""b 4F""","=""9/2""",M1,"=""T6677""","=""""",
"=""449.3525""","=""0.0002""","=""449.352080""","=""0.000022""","=""130""","=""9.e+05""",D+,"=""63876.325""","=""86124.348""","=""3d6.(3F2).4p""","=""y 4G*""","=""11/2""","=""3d6.(5D).4d""","=""e 4F""","=""9/2""",,"=""T6892c83""","=""L18349c139""",
"=""449.56867""","=""0.00019""","=""449.568906""","=""0.000020""","=""21""","=""""",,"=""90638.823""","=""112876.116""","=""3d6.(5D).5p""","=""4D*""","=""5/2""","=""3d6.(5D).7s""","=""4D""","=""7/2""",,"=""""","=""L18349c139""",
"=""449.8712""","=""0.0007""","=""449.870506""","=""0.000020""","=""50""","=""""",,"=""63272.981""","=""85495.366""","=""3d6.(3F2).4p""","=""x 4D*""","=""5/2""","=""3d6.(5D).4d""","=""6S""","=""5/2""",,"=""""","=""L18349c139""",
"=""450.12700""","=""0.00013""","=""450.126966""","=""0.000020""","=""32""","=""""",,"=""90397.873""","=""112607.597""","=""3d6.(5D).5p""","=""4D*""","=""7/2""","=""3d6.(5D).7s""","=""6D""","=""7/2""",,"=""""","=""L18349c139""",
"=""450.1675""","=""0.0004""","=""450.167262""","=""0.000022""","=""15""","=""""",,"=""86599.791""","=""108807.527""","=""3d6.(5D).4d""","=""e 4F""","=""5/2""","=""3d6.(3P2).5p""","=""4P*""","=""5/2""",,"=""""","=""L18349c139""",
"=""450.3932""","=""0.0003""","=""450.39244""","=""0.00003""","=""5""","=""""",,"=""100749.825""","=""122946.458""","=""3d6.(3F2).5s""","=""e 2F""","=""5/2""","=""3d6.(3H<6>).4f""","=""2[3]*""","=""7/2""",,"=""""","=""L18349c139""",
"=""450.76253""","=""0.00012""","=""450.763229""","=""0.000024""","=""70""","=""""",,"=""84685.245""","=""106863.620""","=""3d6.(5D).4d""","=""f 4D""","=""7/2""","=""3d6.(5D).6p""","=""4D*""","=""7/2""",,"=""""","=""L18349c145""",
"=""450.82805""","=""0.00009""","=""450.828023""","=""0.000020""","=""330""","=""7.e+05""",D,"=""23031.2829""","=""45206.4704""","=""3d6.(3F2).4s""","=""b 4F""","=""3/2""","=""3d6.(5D).4p""","=""z 4D*""","=""1/2""",,"=""T6892c83""","=""L18349c139""",
"=""""","=""""","=""450.960545""","=""0.000014""","=""""","=""5.2e-02""",C,"=""862.6118""","=""23031.2829""","=""3d6.(5D).4s""","=""a 6D""","=""3/2""","=""3d6.(3F2).4s""","=""b 4F""","=""3/2""",M1,"=""T6677""","=""""",
"=""451.1417""","=""0.0003""","=""451.141383""","=""0.000020""","=""13bl(Ne)""","=""""",,"=""91070.566""","=""113230.351""","=""3d6.(5D).5p""","=""4F*""","=""5/2""","=""3d6.(5D).7s""","=""6D""","=""3/2""",,"=""""","=""L18349c148""",
"=""451.45629""","=""0.00012""","=""451.45629""","=""0.00005""","=""80""","=""""",,"=""83305.229""","=""105449.557""","=""3d6.(1F).4p""","=""v 2G*""","=""7/2""","=""3d6.(5D).5d""","=""4G""","=""7/2""",,"=""""","=""L18349c139""",
"=""""","=""""","=""451.490238""","=""0.000010""","=""""","=""6.00e-02""",C+,"=""667.6829""","=""22810.3459""","=""3d6.(5D).4s""","=""a 6D""","=""5/2""","=""3d6.(3F2).4s""","=""b 4F""","=""7/2""",M1,"=""T6677""","=""""",
"=""451.5254""","=""0.0006""","=""451.526230""","=""0.000023""","=""6""","=""""",,"=""92329.905""","=""114470.803""","=""3d5.(4G).4s.4p.(3P*)""","=""v 4F*""","=""5/2""","=""3d6.(5D).6d""","=""114470""","=""5/2""",,"=""""","=""L18349c139""",
"=""451.53344""","=""0.00011""","=""451.533313""","=""0.000021""","=""250""","=""2.4e+05""",C,"=""22939.3512""","=""45079.9019""","=""3d6.(3F2).4s""","=""b 4F""","=""5/2""","=""3d6.(5D).4p""","=""z 4F*""","=""5/2""",,"=""T7589""","=""L18349c139""",
"=""452.02214""","=""0.00019""","=""452.021831""","=""0.000021""","=""270""","=""1.0e+05""",D,"=""22637.1950""","=""44753.8179""","=""3d6.(3F2).4s""","=""b 4F""","=""9/2""","=""3d6.(5D).4p""","=""z 4F*""","=""7/2""",,"=""T6892c83""","=""L18349c139""",
"=""452.26278""","=""0.00005""","=""452.262775""","=""0.000021""","=""600bl(Ne)""","=""8.4e+05""",C,"=""22939.3512""","=""45044.1916""","=""3d6.(3F2).4s""","=""b 4F""","=""5/2""","=""3d6.(5D).4p""","=""z 4D*""","=""3/2""",,"=""T7589""","=""L18349c148""",
"=""452.3912""","=""0.0013""","=""452.39156""","=""0.00014""","=""10""","=""""",,"=""86543.902""","=""108642.450""","=""3d6.(3P1).4p""","=""v 4D*""","=""3/2""","=""3d6.(3G).4d""","=""4D""","=""5/2""",,"=""""","=""L18349c139""",
"=""452.6020""","=""0.0004""","=""452.60159""","=""0.00003""","=""13""","=""""",,"=""90839.488""","=""112927.781""","=""3d6.(3P1).4p""","=""4P*""","=""1/2""","=""3d5.(6S).4p2""","=""6P""","=""3/2""",,"=""""","=""L18349c139""",
"=""452.65949""","=""0.00006""","=""452.65938""","=""0.00004""","=""500""","=""""",,"=""44915.057""","=""67000.530""","=""3d6.(1F).4s""","=""c 2F""","=""7/2""","=""3d6.(3F2).4p""","=""y 2D*""","=""5/2""",,"=""""","=""L18349c139""",
"=""""","=""""","=""452.838460""","=""0.000013""","=""""","=""3.98e-02""",C+,"=""862.6118""","=""22939.3512""","=""3d6.(5D).4s""","=""a 6D""","=""3/2""","=""3d6.(3F2).4s""","=""b 4F""","=""5/2""",M1,"=""T6677""","=""""",
"=""452.97503""","=""0.00018""","=""452.97520""","=""0.00014""","=""33""","=""""",,"=""86543.902""","=""108613.977""","=""3d6.(3P1).4p""","=""v 4D*""","=""3/2""","=""3d6.(3G).4d""","=""4G""","=""5/2""",,"=""""","=""L18349c139""",
"=""""","=""""","=""453.300588""","=""0.000015""","=""""","=""1.45e-02""",C,"=""977.0498""","=""23031.2829""","=""3d6.(5D).4s""","=""a 6D""","=""1/2""","=""3d6.(3F2).4s""","=""b 4F""","=""3/2""",M1,"=""T6677""","=""""",
"=""453.4166""","=""0.0015""","=""453.416011""","=""0.000015""","=""60""","=""2.3e+04""",E,"=""23031.2829""","=""45079.9019""","=""3d6.(3F2).4s""","=""b 4F""","=""3/2""","=""3d6.(5D).4p""","=""z 4F*""","=""5/2""",,"=""T6892c83""","=""L7357""",
"=""453.5692""","=""0.0003""","=""453.56890""","=""0.00012""","=""16""","=""""",,"=""92116.529""","=""114157.716""","=""3d5.(4G).4s.4p.(3P*)""","=""x 4H*""","=""9/2""","=""3d6.(5D).6d""","=""4G""","=""11/2""",,"=""""","=""L18349c139""",
"=""453.6535""","=""0.0005""","=""453.65308""","=""0.00006""","=""14""","=""1.6e+05""",D,"=""86767.614""","=""108804.711""","=""3d6.(3P1).4p""","=""v 4D*""","=""5/2""","=""3d6.(3D).5s""","=""4D""","=""7/2""",,"=""T6892c83""","=""L18349c139""",
"=""454.1518""","=""0.0003""","=""454.151575""","=""0.000021""","=""90""","=""9.e+04""",E,"=""23031.2829""","=""45044.1916""","=""3d6.(3F2).4s""","=""b 4F""","=""3/2""","=""3d6.(5D).4p""","=""z 4D*""","=""3/2""",,"=""T6892c83""","=""L18349c139""",
"=""454.1985""","=""0.0004""","=""454.198118""","=""0.000021""","=""9""","=""""",,"=""90386.533""","=""112397.186""","=""3d6.(5D).5p""","=""6F*""","=""9/2""","=""3d6.(5D).7s""","=""6D""","=""9/2""",,"=""""","=""L18349c139""",
"=""454.81187""","=""0.00016""","=""454.811123""","=""0.000021""","=""70""","=""""",,"=""85184.773""","=""107165.760""","=""3d6.(5D).4d""","=""e 4G""","=""9/2""","=""3d6.(5D).6p""","=""4F*""","=""7/2""",,"=""""","=""L18349c145""",
"=""454.9197""","=""0.0002""","=""454.91945""","=""0.00006""","=""150""","=""9.e+05""",D+,"=""47674.728""","=""69650.481""","=""3d7""","=""d 2D1""","=""3/2""","=""3d6.(3G).4p""","=""y 2F*""","=""5/2""",,"=""T6892c83""","=""L18349c139""",
"=""454.9256""","=""0.0005""","=""454.92493""","=""0.00003""","=""90""","=""""",,"=""61332.753""","=""83308.241""","=""3d6.(3P2).4p""","=""y 4P*""","=""3/2""","=""3d6.(5D).4d""","=""e 6F""","=""5/2""",,"=""""","=""L18349c139""",
"=""454.94665""","=""0.00003""","=""454.946630""","=""0.000021""","=""1400bl(Fe I)""","=""1.00e+06""",C+,"=""22810.3459""","=""44784.7859""","=""3d6.(3F2).4s""","=""b 4F""","=""7/2""","=""3d6.(5D).4p""","=""z 4D*""","=""5/2""",,"=""T7589""","=""L18349c148""",
"=""455.06377""","=""0.00015""","=""455.063968""","=""0.000021""","=""21""","=""""",,"=""90638.823""","=""112607.597""","=""3d6.(5D).5p""","=""4D*""","=""5/2""","=""3d6.(5D).7s""","=""6D""","=""7/2""",,"=""""","=""L18349c139""",
"=""455.58881""","=""0.00006""","=""455.588690""","=""0.000021""","=""400""","=""2.3e+05""",C,"=""22810.3459""","=""44753.8179""","=""3d6.(3F2).4s""","=""b 4F""","=""7/2""","=""3d6.(5D).4p""","=""z 4F*""","=""7/2""",,"=""T7589""","=""L18349c139""",
"=""455.7940""","=""0.0006""","=""455.79404""","=""0.00005""","=""12""","=""""",,"=""83305.229""","=""105238.815""","=""3d6.(1F).4p""","=""v 2G*""","=""7/2""","=""3d6.(3P2).4d""","=""2D""","=""5/2""",,"=""""","=""L18349c139""",
"=""457.3341""","=""0.0007""","=""457.33384""","=""0.00003""","=""10""","=""""",,"=""88157.176""","=""110016.915""","=""3d6.(5D).4d""","=""4P""","=""3/2""","=""3d6.(3H).5p""","=""4G*""","=""5/2""",,"=""""","=""L18349c139""",
"=""457.6328""","=""0.0002""","=""457.6326""","=""0.0006""","=""100*""","=""""",,"=""92089.043""","=""113934.512""","=""3d5.(4G).4s.4p.(3P*)""","=""x 4H*""","=""7/2""","=""3d6.(5D).6d""","=""6D""","=""5/2""",,"=""""","=""L18349c148""",
"=""457.6328""","=""0.0002""","=""457.633300""","=""0.000021""","=""100*""","=""6.4e+04""",C,"=""22939.3512""","=""44784.7859""","=""3d6.(3F2).4s""","=""b 4F""","=""5/2""","=""3d6.(5D).4p""","=""z 4D*""","=""5/2""",,"=""T7589""","=""L18349c148""",
"=""457.7483""","=""0.0003""","=""457.74712""","=""0.00013""","=""12""","=""""",,"=""92116.529""","=""113956.532""","=""3d5.(4G).4s.4p.(3P*)""","=""x 4H*""","=""9/2""","=""3d6.(5D).6d""","=""6D""","=""9/2""",,"=""""","=""L18349c148""",
"=""458.1268""","=""0.0003""","=""458.12604""","=""0.00004""","=""80bl(Fe II)*""","=""""",,"=""50142.811""","=""71964.750""","=""3d6.(3F1).4s""","=""c 4F""","=""5/2""","=""3d6.(3D).4p""","=""w 4P*""","=""5/2""",,"=""""","=""L18349c148""",
"=""458.1268""","=""0.0003""","=""458.12663""","=""0.00008""","=""80bl(Fe II)*""","=""""",,"=""85184.773""","=""107006.684""","=""3d6.(5D).4d""","=""e 4G""","=""9/2""","=""3d5.(2I).4s.4p.(3P*)""","=""2H*""","=""9/2""",,"=""""","=""L18349c148""",
"=""458.2835""","=""0.0015""","=""458.282971""","=""0.000013""","=""80""","=""3.4e+04""",C,"=""22939.3512""","=""44753.8179""","=""3d6.(3F2).4s""","=""b 4F""","=""5/2""","=""3d6.(5D).4p""","=""z 4F*""","=""7/2""",,"=""T7589""","=""L7357,L18198""",
"=""458.38292""","=""0.00002""","=""458.382922""","=""0.000021""","=""1500""","=""7.2e+05""",C+,"=""22637.1950""","=""44446.9051""","=""3d6.(3F2).4s""","=""b 4F""","=""9/2""","=""3d6.(5D).4p""","=""z 4D*""","=""7/2""",,"=""T7589""","=""L18349c139""",
"=""459.5868""","=""0.0003""","=""459.58654""","=""0.00004""","=""110""","=""""",,"=""57493.333""","=""79245.926""","=""3d5.4s2""","=""d 4P""","=""3/2""","=""3d5.(6S).4s.4p.(1P*)""","=""x 6P*""","=""3/2""",,"=""""","=""L18349c139""",
"=""459.60084""","=""0.00012""","=""459.60089""","=""0.00004""","=""180""","=""5.8e+05""",D+,"=""50212.836""","=""71964.750""","=""3d6.(3P1).4s""","=""c 4P""","=""5/2""","=""3d6.(3D).4p""","=""w 4P*""","=""5/2""",,"=""T6892c83""","=""L18349c139""",
"=""459.84853""","=""0.00017""","=""459.848536""","=""0.000021""","=""120""","=""1.1e+06""",D+,"=""62945.045""","=""84685.245""","=""3d6.(3F2).4p""","=""x 4D*""","=""7/2""","=""3d6.(5D).4d""","=""f 4D""","=""7/2""",,"=""T6892c83""","=""L18349c139""",
"=""462.0513""","=""0.0015""","=""462.051281""","=""0.000013""","=""60""","=""2.5e+04""",C+,"=""22810.3459""","=""44446.9051""","=""3d6.(3F2).4s""","=""b 4F""","=""7/2""","=""3d6.(5D).4p""","=""z 4D*""","=""7/2""",,"=""T7589""","=""L7357,L18198""",
"=""462.8779""","=""0.0003""","=""462.877700""","=""0.000022""","=""50""","=""1.0e+06""",D+,"=""63272.981""","=""84870.911""","=""3d6.(3F2).4p""","=""x 4D*""","=""5/2""","=""3d6.(5D).4d""","=""f 4D""","=""5/2""",,"=""T6892c83""","=""L18349c139""",
"=""462.93317""","=""0.00005""","=""462.933113""","=""0.000019""","=""350""","=""1.7e+05""",C,"=""22637.1950""","=""44232.5398""","=""3d6.(3F2).4s""","=""b 4F""","=""9/2""","=""3d6.(5D).4p""","=""z 4F*""","=""9/2""",,"=""T7589""","=""L18349c139""",
"=""""","=""""","=""463.227624""","=""0.000013""","=""""","=""2.01e-03""",C,"=""0.0000""","=""21581.6151""","=""3d6.(5D).4s""","=""a 6D""","=""9/2""","=""3d6.(3H).4s""","=""a 4H""","=""9/2""",M1,"=""T6677""","=""""",
"=""463.37554""","=""0.00014""","=""463.37460""","=""0.00003""","=""20bl(Fe I)""","=""""",,"=""88853.535""","=""110428.305""","=""3d6.(5D).5p""","=""6D*""","=""7/2""","=""3d6.(3G).4d""","=""4F""","=""5/2""",,"=""""","=""L18349c148""",
"=""463.53177""","=""0.00009""","=""463.53170""","=""0.00004""","=""220""","=""1.0e+06""",D+,"=""48039.109""","=""69606.567""","=""3d7""","=""d 2D1""","=""5/2""","=""3d6.(3G).4p""","=""y 2F*""","=""7/2""",,"=""T6892c83""","=""L18349c139""",
"=""""","=""""","=""463.967372""","=""0.000022""","=""""","=""4.67e-01""",C+,"=""862.6118""","=""22409.8178""","=""3d6.(5D).4s""","=""a 6D""","=""3/2""","=""3d6.(3P2).4s""","=""b 4P""","=""1/2""",M1,"=""T6677""","=""""",
"=""464.0802""","=""0.0006""","=""464.07943""","=""0.00013""","=""28bl(Fe II)*""","=""""",,"=""103040.370""","=""124582.373""","=""3d6.(5D<4>).4f""","=""2[7]*""","=""15/2""","=""3d6.(3H).5d""","=""2K""","=""15/2""",,"=""""","=""L18349c148""",
"=""464.0802""","=""0.0006""","=""464.08038""","=""0.00003""","=""28bl(Fe II)*""","=""7.1e+05""",D+,"=""62171.624""","=""83713.583""","=""3d5.(6S).4s.4p.(3P*)""","=""y 6P*""","=""7/2""","=""3d6.(5D).4d""","=""6D""","=""7/2""",,"=""T6892c83""","=""L18349c148""",
"=""464.4111""","=""0.0002""","=""464.410922""","=""0.000020""","=""12""","=""""",,"=""91843.485""","=""113370.112""","=""3d6.(5D).5p""","=""w 6P*""","=""3/2""","=""3d6.(5D).7s""","=""6D""","=""1/2""",,"=""""","=""L18349c139""",
"=""464.6816""","=""0.0003""","=""464.681252""","=""0.000020""","=""70bl(Ne)""","=""""",,"=""63948.803""","=""85462.907""","=""3d6.(3F2).4p""","=""y 4G*""","=""9/2""","=""3d6.(5D).4d""","=""e 4G""","=""7/2""",,"=""""","=""L18349c148""",
"=""465.6981""","=""0.0004""","=""465.697623""","=""0.000020""","=""40""","=""1.4e+04""",C,"=""23317.6351""","=""44784.7859""","=""3d5.4s2""","=""a 6S""","=""5/2""","=""3d6.(5D).4p""","=""z 4D*""","=""5/2""",,"=""T7589""","=""L18349c139""",
"=""466.2027""","=""0.0003""","=""466.20246""","=""0.00003""","=""6""","=""""",,"=""88723.398""","=""110167.303""","=""3d6.(5D).5p""","=""6D*""","=""9/2""","=""3d6.(3G).4d""","=""4F""","=""7/2""",,"=""""","=""L18349c139""",
"=""""","=""""","=""466.444715""","=""0.000024""","=""""","=""1.47e-01""",C+,"=""977.0498""","=""22409.8178""","=""3d6.(5D).4s""","=""a 6D""","=""1/2""","=""3d6.(3P2).4s""","=""b 4P""","=""1/2""",M1,"=""T6677""","=""""",
"=""466.6744""","=""0.0004""","=""466.674958""","=""0.000020""","=""60""","=""1.3e+04""",E,"=""22810.3459""","=""44232.5398""","=""3d6.(3F2).4s""","=""b 4F""","=""7/2""","=""3d6.(5D).4p""","=""z 4F*""","=""9/2""",,"=""T6892c83""","=""L18349c139""",
"=""467.0170""","=""0.0015""","=""467.017010""","=""0.000020""","=""16""","=""3.e+03""",E,"=""20830.5534""","=""42237.0575""","=""3d6.(3P2).4s""","=""b 4P""","=""5/2""","=""3d6.(5D).4p""","=""z 6F*""","=""7/2""",,"=""T6892c83""","=""L7357""",
"=""468.2065""","=""0.0007""","=""468.20565""","=""0.00007""","=""6""","=""""",,"=""83868.450""","=""105220.610""","=""3d6.(1F).4p""","=""v 2D*""","=""5/2""","=""3d6.(3H).4d""","=""4F""","=""7/2""",,"=""""","=""L18349c139""",
"=""468.6386""","=""0.0011""","=""468.63935""","=""0.00003""","=""31""","=""""",,"=""60402.333""","=""81734.733""","=""3d6.(3P2).4p""","=""y 4P*""","=""5/2""","=""3d5.4s2""","=""2F2""","=""7/2""",,"=""""","=""L18349c139""",
"=""469.01376""","=""0.00003""","=""469.013689""","=""0.000020""","=""130bl(Fe I)""","=""""",,"=""85728.846""","=""107044.220""","=""3d6.(5D).4d""","=""4S""","=""3/2""","=""3d6.(5D).6p""","=""6D*""","=""3/2""",,"=""""","=""L18349c148""",
"=""469.6366""","=""0.0004""","=""469.637160""","=""0.000022""","=""8""","=""""",,"=""86599.791""","=""107886.868""","=""3d6.(5D).4d""","=""e 4F""","=""5/2""","=""3d5.(4F).4s.4p.(3P*)""","=""6D*""","=""7/2""",,"=""""","=""L18349c139""",
"=""470.44038""","=""0.00009""","=""470.4413""","=""0.0007""","=""24""","=""""",,"=""93395.407""","=""114646.097""","=""3d6.(3F1).4p""","=""u 4F*""","=""5/2""","=""3d6.(5D).6d""","=""4G""","=""7/2""",,"=""""","=""L18349c145""",
"=""470.91637""","=""0.00006""","=""470.91644""","=""0.00003""","=""23""","=""""",,"=""91167.936""","=""112397.186""","=""3d6.(5D).5p""","=""w 6P*""","=""7/2""","=""3d6.(5D).7s""","=""6D""","=""9/2""",,"=""""","=""L18349c139""",
"=""""","=""""","=""472.013853""","=""0.000020""","=""""","=""8.e+02""",E,"=""25787.5816""","=""46967.4751""","=""3d6.(3P2).4s""","=""b 2P""","=""3/2""","=""3d6.(5D).4p""","=""z 4P*""","=""5/2""",,"=""T6892c83""","=""""",
"=""472.5307""","=""0.0002""","=""472.531607""","=""0.000025""","=""31""","=""""",,"=""62151.554""","=""83308.241""","=""3d6.(3F2).4p""","=""y 4F*""","=""5/2""","=""3d6.(5D).4d""","=""e 6F""","=""5/2""",,"=""""","=""L18349c145""",
"=""""","=""""","=""472.807038""","=""0.000018""","=""""","=""4.53e-01""",C+,"=""667.6829""","=""21812.0454""","=""3d6.(5D).4s""","=""a 6D""","=""5/2""","=""3d6.(3P2).4s""","=""b 4P""","=""3/2""",M1,"=""T6677""","=""""",
"=""473.1439""","=""0.0015""","=""473.144766""","=""0.000016""","=""110aff(Fe I)""","=""2.8e+04""",E,"=""23317.6351""","=""44446.9051""","=""3d5.4s2""","=""a 6S""","=""5/2""","=""3d6.(5D).4p""","=""z 4D*""","=""7/2""",,"=""T6892c83""","=""L7357""",
"=""473.2928""","=""0.0004""","=""473.29241""","=""0.00003""","=""6bl(Fe II)*""","=""""",,"=""92358.625""","=""113481.304""","=""3d5.(4G).4s.4p.(3P*)""","=""v 4F*""","=""3/2""","=""3d6.(5D).7s""","=""4D""","=""3/2""",,"=""""","=""L18349c148""",
"=""473.2928""","=""0.0004""","=""473.29258""","=""0.00007""","=""6bl(Fe II)*""","=""9.e+04""",D,"=""83871.208""","=""104993.879""","=""3d6.(1F).4p""","=""v 2G*""","=""9/2""","=""3d6.(3F2).4d""","=""4D""","=""7/2""",,"=""T6892c83""","=""L18349c148""",
"=""473.7594""","=""0.0002""","=""473.75956""","=""0.00007""","=""35bl(Fe I)""","=""""",,"=""73637.285""","=""94739.136""","=""3d5.4s2""","=""4F""","=""3/2""","=""3d5.(4P).4s.4p.(3P*)""","=""4P*""","=""3/2""",,"=""""","=""L18349c148""",
"=""474.0407""","=""0.0009""","=""474.04060""","=""0.00007""","=""2.7""","=""""",,"=""87572.959""","=""108662.300""","=""3d5.(4G).4s.4p.(3P*)""","=""y 6F*""","=""5/2""","=""3d6.(3D).5s""","=""4D""","=""3/2""",,"=""""","=""L18349c139""",
"=""474.2544""","=""0.0005""","=""474.25520""","=""0.00016""","=""13""","=""""",,"=""78841.872""","=""99921.670""","=""3d6.(1D2).4p""","=""w 2P*""","=""1/2""","=""3d6.(3P2).5s""","=""2P""","=""1/2""",,"=""""","=""L18349c139""",
"=""475.61226""","=""0.00015""","=""475.61240""","=""0.00009""","=""18""","=""""",,"=""84359.779""","=""105379.425""","=""3d6.(1F).4p""","=""v 2D*""","=""3/2""","=""3d6.(3F2).4d""","=""4D""","=""5/2""",,"=""""","=""L18349c139""",
"=""""","=""""","=""477.206446""","=""0.000018""","=""""","=""2.30e-02""",C+,"=""862.6118""","=""21812.0454""","=""3d6.(5D).4s""","=""a 6D""","=""3/2""","=""3d6.(3P2).4s""","=""b 4P""","=""3/2""",M1,"=""T6677""","=""""",
"=""478.0008""","=""0.0005""","=""478.001733""","=""0.000021""","=""19""","=""6.e+04""",D,"=""63948.803""","=""84863.382""","=""3d6.(3F2).4p""","=""y 4G*""","=""9/2""","=""3d6.(5D).4d""","=""e 4G""","=""11/2""",,"=""T6892c83""","=""L18349c139""",
"=""478.74400""","=""0.00018""","=""478.74371""","=""0.00004""","=""50""","=""""",,"=""89727.383""","=""110609.548""","=""3d6.(3F1).4p""","=""4G*""","=""5/2""","=""3d6.(3G).4d""","=""4F""","=""3/2""",,"=""""","=""L18349c139""",
"=""478.8459""","=""0.0004""","=""478.8453""","=""0.0007""","=""13*""","=""""",,"=""92089.043""","=""112966.779""","=""3d5.(4G).4s.4p.(3P*)""","=""x 4H*""","=""7/2""","=""3d5.(6S).4p2""","=""6P""","=""7/2""",,"=""""","=""L18349c148""",
"=""478.8459""","=""0.0004""","=""478.84677""","=""0.00003""","=""13*""","=""""",,"=""92358.625""","=""113236.296""","=""3d5.(4G).4s.4p.(3P*)""","=""v 4F*""","=""3/2""","=""3d6.(5D).7s""","=""4D""","=""5/2""",,"=""""","=""L18349c148""",
"=""479.7730""","=""0.0004""","=""479.77244""","=""0.00003""","=""33""","=""""",,"=""82853.704""","=""103691.094""","=""3d6.(5D).4d""","=""e 6F""","=""11/2""","=""3d6.(5D<2>).4f""","=""2[5]*""","=""11/2""",,"=""""","=""L18349c139""",
"=""""","=""""","=""479.827582""","=""0.000021""","=""""","=""6.75e-02""",C+,"=""977.0498""","=""21812.0454""","=""3d6.(5D).4s""","=""a 6D""","=""1/2""","=""3d6.(3P2).4s""","=""b 4P""","=""3/2""",M1,"=""T6677""","=""""",
"=""479.87308""","=""0.00010""","=""479.87378""","=""0.00004""","=""40bl(Fe I)""","=""""",,"=""92154.154""","=""112987.144""","=""3d5.(4D).4s.4p.(3P*)""","=""6F*""","=""7/2""","=""3d6.(5D).7s""","=""6D""","=""5/2""",,"=""""","=""L18349c148""",
"=""480.01283""","=""0.00013""","=""480.012138""","=""0.000021""","=""70bl(Fe I)""","=""""",,"=""82853.704""","=""103680.689""","=""3d6.(5D).4d""","=""e 6F""","=""11/2""","=""3d6.(5D<2>).4f""","=""2[5]*""","=""9/2""",,"=""""","=""L18349c148""",
"=""480.3063""","=""0.0002""","=""480.305234""","=""0.000023""","=""23""","=""""",,"=""86710.911""","=""107525.187""","=""3d6.(5D).4d""","=""e 4F""","=""3/2""","=""3d6.(5D).6p""","=""6P*""","=""5/2""",,"=""""","=""L18349c145""",
"=""481.04927""","=""0.00017""","=""481.04955""","=""0.00003""","=""27""","=""""",,"=""89119.452""","=""109901.523""","=""3d6.(5D).5p""","=""6D*""","=""5/2""","=""3d6.(3G).4d""","=""2G""","=""7/2""",,"=""""","=""L18349c139""",
"=""481.31125""","=""0.00010""","=""481.31168""","=""0.00004""","=""40bl(Fe I)""","=""""",,"=""92216.391""","=""112987.144""","=""3d6.(3P1).4p""","=""u 2D*""","=""3/2""","=""3d6.(5D).7s""","=""6D""","=""5/2""",,"=""""","=""L18349c148""",
"=""481.52346""","=""0.00020""","=""481.523990""","=""0.000023""","=""23bl(Fe I)""","=""""",,"=""92225.549""","=""112987.144""","=""3d6.(5D).5p""","=""4P*""","=""3/2""","=""3d6.(5D).7s""","=""6D""","=""5/2""",,"=""""","=""L18349c148""",
"=""481.6192""","=""0.0008""","=""481.61996""","=""0.00003""","=""100""","=""""",,"=""64087.408""","=""84844.866""","=""3d6.(3F2).4p""","=""y 4G*""","=""5/2""","=""3d6.(5D).4d""","=""e 6G""","=""5/2""",,"=""""","=""L18349c139""",
"=""481.9026""","=""0.0003""","=""481.90248""","=""0.00003""","=""70""","=""""",,"=""60989.444""","=""81734.733""","=""3d6.(3H).4p""","=""z 4H*""","=""9/2""","=""3d5.4s2""","=""2F2""","=""7/2""",,"=""""","=""L18349c139""",
"=""482.08278""","=""0.00004""","=""482.082739""","=""0.000021""","=""330""","=""5.4e+06""",C+,"=""83136.508""","=""103874.040""","=""3d6.(5D).4d""","=""e 6F""","=""7/2""","=""3d6.(5D<1>).4f""","=""2[4]*""","=""9/2""",,"=""T6892c83""","=""L18349c139""",
"=""482.60749""","=""0.00004""","=""482.60721""","=""0.00003""","=""34""","=""""",,"=""103706.526""","=""124421.522""","=""3d6.(3H).4d""","=""4K""","=""15/2""","=""3d6.(3F2<4>).4f""","=""2[7]*""","=""15/2""",,"=""""","=""L18349c139""",
"=""482.61366""","=""0.00013""","=""482.613638""","=""0.000021""","=""80""","=""2.6e+06""",D+,"=""83308.241""","=""104022.961""","=""3d6.(5D).4d""","=""e 6F""","=""5/2""","=""3d6.(5D<0>).4f""","=""2[3]*""","=""7/2""",,"=""T6892c83""","=""L18349c139""",
"=""482.66825""","=""0.00003""","=""482.668232""","=""0.000023""","=""500""","=""7.5e+06""",C+,"=""82978.717""","=""103691.094""","=""3d6.(5D).4d""","=""e 6F""","=""9/2""","=""3d6.(5D<2>).4f""","=""2[5]*""","=""11/2""",,"=""T6892c83""","=""L18349c139""",
"=""482.91081""","=""0.00014""","=""482.910829""","=""0.000021""","=""60""","=""1.8e+06""",D+,"=""82978.717""","=""103680.689""","=""3d6.(5D).4d""","=""e 6F""","=""9/2""","=""3d6.(5D<2>).4f""","=""2[5]*""","=""9/2""",,"=""T6892c83""","=""L18349c139""",
"=""483.12016""","=""0.00005""","=""483.12005""","=""0.00004""","=""700bl(Fe II)*""","=""""",,"=""83812.352""","=""104505.359""","=""3d6.(5D).4d""","=""6D""","=""5/2""","=""3d5.(2D3).4s.4p.(3P*)""","=""4F*""","=""3/2""",,"=""""","=""L18349c148""",
"=""483.12016""","=""0.00005""","=""483.12023""","=""0.00003""","=""700bl(Fe II)*""","=""8.e+04""",D,"=""61041.734""","=""81734.733""","=""3d6.(3H).4p""","=""z 4G*""","=""5/2""","=""3d5.4s2""","=""2F2""","=""7/2""",,"=""T6892c83""","=""L18349c148""",
"=""""","=""""","=""483.319175""","=""0.000014""","=""""","=""5.e+02""",E,"=""21430.3564""","=""42114.8380""","=""3d6.(3H).4s""","=""a 4H""","=""11/2""","=""3d6.(5D).4p""","=""z 6F*""","=""9/2""",,"=""T6892c83""","=""""",
"=""483.85511""","=""0.00020""","=""483.855065""","=""0.000021""","=""70""","=""7.0e+05""",D+,"=""83308.241""","=""103969.814""","=""3d6.(5D).4d""","=""e 6F""","=""5/2""","=""3d6.(5D<1>).4f""","=""2[3]*""","=""7/2""",,"=""T6892c83""","=""L18349c139""",
"=""""","=""""","=""483.998677""","=""0.000019""","=""""","=""4.e+02""",E,"=""21581.6151""","=""42237.0575""","=""3d6.(3H).4s""","=""a 4H""","=""9/2""","=""3d6.(5D).4p""","=""z 6F*""","=""7/2""",,"=""T6892c83""","=""""",
"=""484.32960""","=""0.00003""","=""484.32966""","=""0.00003""","=""1100""","=""1.2e+05""",D,"=""61093.406""","=""81734.733""","=""3d6.(3P2).4p""","=""z 2D*""","=""5/2""","=""3d5.4s2""","=""2F2""","=""7/2""",,"=""T6892c83""","=""L18349c139""",
"=""484.79978""","=""0.00003""","=""484.79978""","=""0.00003""","=""270""","=""""",,"=""89444.455""","=""110065.766""","=""3d5.(4P).4s.4p.(3P*)""","=""6P*""","=""5/2""","=""3d6.(3G).4d""","=""2D""","=""5/2""",,"=""""","=""L18349c139""",
"=""485.6152""","=""0.0003""","=""485.614898""","=""0.000021""","=""50""","=""9.e+05""",D+,"=""83459.721""","=""104046.419""","=""3d6.(5D).4d""","=""e 6F""","=""3/2""","=""3d6.(5D<0>).4f""","=""2[3]*""","=""5/2""",,"=""T6892c83""","=""L18349c139""",
"=""485.90296""","=""0.00009""","=""485.902832""","=""0.000021""","=""110""","=""1.9e+06""",D+,"=""83308.241""","=""103882.740""","=""3d6.(5D).4d""","=""e 6F""","=""5/2""","=""3d6.(5D<1>).4f""","=""2[4]*""","=""7/2""",,"=""T6892c83""","=""L18349c139""",
"=""485.91215""","=""0.00009""","=""485.91230""","=""0.00007""","=""350bl(Fe I)""","=""""",,"=""73637.285""","=""94211.383""","=""3d5.4s2""","=""4F""","=""3/2""","=""3d5.(4P).4s.4p.(3P*)""","=""4P*""","=""5/2""",,"=""""","=""L18349c148""",
"=""486.06798""","=""0.00002""","=""486.067972""","=""0.000019""","=""700""","=""8.5e+06""",C+,"=""82853.704""","=""103421.213""","=""3d6.(5D).4d""","=""e 6F""","=""11/2""","=""3d6.(5D<3>).4f""","=""2[6]*""","=""13/2""",,"=""T6892c83""","=""L18349c139""",
"=""486.61989""","=""0.00005""","=""486.619912""","=""0.000021""","=""270""","=""6.0e+06""",C+,"=""83136.508""","=""103680.689""","=""3d6.(5D).4d""","=""e 6F""","=""7/2""","=""3d6.(5D<2>).4f""","=""2[5]*""","=""9/2""",,"=""T6892c83""","=""L18349c139""",
"=""486.99690""","=""0.00016""","=""486.99685""","=""0.00004""","=""60""","=""1.4e+06""",D+,"=""83459.721""","=""103988.001""","=""3d6.(5D).4d""","=""e 6F""","=""3/2""","=""3d6.(5D<1>).4f""","=""2[3]*""","=""5/2""",,"=""T6892c83""","=""L18349c139""",
"=""488.08709""","=""0.00008""","=""488.08710""","=""0.00003""","=""400""","=""""",,"=""61156.827""","=""81639.253""","=""3d6.(3H).4p""","=""z 4H*""","=""7/2""","=""3d5.4s2""","=""2F2""","=""5/2""",,"=""""","=""L18349c139""",
"=""488.31840""","=""0.00016""","=""488.318004""","=""0.000024""","=""70""","=""1.7e+06""",D+,"=""82853.704""","=""103326.445""","=""3d6.(5D).4d""","=""e 6F""","=""11/2""","=""3d6.(5D<3>).4f""","=""2[4]*""","=""9/2""",,"=""T6892c83""","=""L18349c139""",
"=""488.32923""","=""0.00004""","=""488.32924""","=""0.00003""","=""310""","=""5.8e+06""",C+,"=""82853.704""","=""103325.974""","=""3d6.(5D).4d""","=""e 6F""","=""11/2""","=""3d6.(5D<3>).4f""","=""2[5]*""","=""11/2""",,"=""T6892c83""","=""L18349c139""",
"=""488.3926""","=""0.0012""","=""488.3920""","=""0.0010""","=""11""","=""""",,"=""87636.30""","=""108105.938""","=""3d5.(4P).4s.4p.(3P*)""","=""6D*""","=""1/2""","=""3d6.(3F2).4d""","=""2P""","=""3/2""",,"=""""","=""L18349c139""",
"=""""","=""""","=""488.962268""","=""0.000019""","=""""","=""3.41e-01""",C+,"=""384.7872""","=""20830.5534""","=""3d6.(5D).4s""","=""a 6D""","=""7/2""","=""3d6.(3P2).4s""","=""b 4P""","=""5/2""",M1,"=""T6677""","=""""",
"=""489.3780""","=""0.0015""","=""489.381278""","=""0.000017""","=""20""","=""2.5e+03""",E,"=""22810.3459""","=""43238.6066""","=""3d6.(3F2).4s""","=""b 4F""","=""7/2""","=""3d6.(5D).4p""","=""z 6P*""","=""5/2""",,"=""T6892c83""","=""L7357""",
"=""489.64381""","=""0.00006""","=""489.64347""","=""0.00003""","=""25bl(Fe I)""","=""""",,"=""102584.984""","=""123002.306""","=""3d6.(3G).5s""","=""f 4G""","=""11/2""","=""3d6.(3H<6>).4f""","=""2[5]*""","=""11/2""",,"=""""","=""L18349c139""",
"=""490.10537""","=""0.00009""","=""490.10530""","=""0.00003""","=""130""","=""5.6e+06""",D+,"=""83459.721""","=""103857.804""","=""3d6.(5D).4d""","=""e 6F""","=""3/2""","=""3d6.(5D<1>).4f""","=""2[2]*""","=""5/2""",,"=""T6892c83""","=""L18349c139""",
"=""490.6837""","=""0.0006""","=""490.684488""","=""0.000024""","=""26""","=""6.7e+05""",D+,"=""82978.717""","=""103352.723""","=""3d6.(5D).4d""","=""e 6F""","=""9/2""","=""3d6.(5D<3>).4f""","=""2[5]*""","=""9/2""",,"=""T6892c83""","=""L18349c139""",
"=""490.81454""","=""0.00003""","=""490.814553""","=""0.000024""","=""600""","=""1.85e+07""",C+,"=""83308.241""","=""103676.848""","=""3d6.(5D).4d""","=""e 6F""","=""5/2""","=""3d6.(5D<2>).4f""","=""2[3]*""","=""7/2""",,"=""T6892c83""","=""L18349c139""",
"=""491.1957""","=""0.0003""","=""491.195821""","=""0.000022""","=""40""","=""1.1e+06""",D+,"=""83308.241""","=""103661.038""","=""3d6.(5D).4d""","=""e 6F""","=""5/2""","=""3d6.(5D<2>).4f""","=""2[2]*""","=""5/2""",,"=""T6892c83""","=""L18349c139""",
"=""491.3184""","=""0.0003""","=""491.318189""","=""0.000022""","=""50""","=""1.9e+06""",D+,"=""82978.717""","=""103326.445""","=""3d6.(5D).4d""","=""e 6F""","=""9/2""","=""3d6.(5D<3>).4f""","=""2[4]*""","=""9/2""",,"=""T6892c83""","=""L18349c139""",
"=""491.32951""","=""0.00002""","=""491.329562""","=""0.000024""","=""1300""","=""2.58e+07""",B+,"=""82978.717""","=""103325.974""","=""3d6.(5D).4d""","=""e 6F""","=""9/2""","=""3d6.(5D<3>).4f""","=""2[5]*""","=""11/2""",,"=""T6892c83""","=""L18349c139""",
"=""492.21869""","=""0.00008""","=""492.21932""","=""0.00003""","=""180""","=""8.e+06""",D+,"=""83558.569""","=""103869.046""","=""3d6.(5D).4d""","=""e 6F""","=""1/2""","=""3d6.(5D<1>).4f""","=""2[2]*""","=""3/2""",,"=""T6892c83""","=""L18349c145""",
"=""492.31542""","=""0.00019""","=""492.31572""","=""0.00004""","=""180""","=""""",,"=""61332.753""","=""81639.253""","=""3d6.(3P2).4p""","=""y 4P*""","=""3/2""","=""3d5.4s2""","=""2F2""","=""5/2""",,"=""""","=""L18349c139""",
"=""492.39216""","=""0.00002""","=""492.392123""","=""0.000020""","=""5000""","=""4.3e+06""",C,"=""23317.6351""","=""43620.9842""","=""3d5.4s2""","=""a 6S""","=""5/2""","=""3d6.(5D).4p""","=""z 6P*""","=""3/2""",,"=""T7589""","=""L18349c139""",
"=""492.4298""","=""0.0004""","=""492.43013""","=""0.00003""","=""4bl(Fe I)""","=""""",,"=""104119.740""","=""124421.522""","=""3d6.(3H).4d""","=""2K""","=""15/2""","=""3d6.(3F2<4>).4f""","=""2[7]*""","=""15/2""",,"=""""","=""L18349c139""",
"=""492.6523""","=""0.0004""","=""492.652027""","=""0.000022""","=""25""","=""""",,"=""86416.370""","=""106709.008""","=""3d6.(5D).4d""","=""e 4F""","=""7/2""","=""3d6.(5D).6p""","=""4F*""","=""9/2""",,"=""""","=""L18349c139""",
"=""492.9668""","=""0.0004""","=""492.96711""","=""0.00004""","=""8""","=""""",,"=""94700.415""","=""114980.083""","=""3d6.(3F1).4p""","=""2D*""","=""5/2""","=""3d6.(5D).6d""","=""6P""","=""7/2""",,"=""""","=""L18349c139""",
"=""493.5373""","=""0.0005""","=""493.537494""","=""0.000020""","=""25""","=""3.6e+05""",D+,"=""83713.583""","=""103969.814""","=""3d6.(5D).4d""","=""6D""","=""7/2""","=""3d6.(5D<1>).4f""","=""2[3]*""","=""7/2""",,"=""T6892c83""","=""L18349c139""",
"=""493.70367""","=""0.00019""","=""493.70391""","=""0.00006""","=""210""","=""""",,"=""57493.333""","=""77742.736""","=""3d5.4s2""","=""d 4P""","=""3/2""","=""3d6.(1D2).4p""","=""v 2F*""","=""5/2""",,"=""""","=""L18349c139""",
"=""493.70719""","=""0.00016""","=""493.706987""","=""0.000025""","=""80""","=""1.4e+06""",D+,"=""83136.508""","=""103385.785""","=""3d6.(5D).4d""","=""e 6F""","=""7/2""","=""3d6.(5D<3>).4f""","=""2[3]*""","=""7/2""",,"=""T6892c83""","=""L18349c139""",
"=""494.2169""","=""0.0002""","=""494.216800""","=""0.000022""","=""50""","=""2.7e+06""",D+,"=""83136.508""","=""103364.897""","=""3d6.(5D).4d""","=""e 6F""","=""7/2""","=""3d6.(5D<3>).4f""","=""2[3]*""","=""5/2""",,"=""T6892c83""","=""L18349c139""",
"=""494.37023""","=""0.00012""","=""494.37043""","=""0.00003""","=""340bl(Fe II)*""","=""""",,"=""61512.630""","=""81734.733""","=""3d6.(3H).4p""","=""z 4I*""","=""9/2""","=""3d5.4s2""","=""2F2""","=""7/2""",,"=""""","=""L18349c148""",
"=""494.37023""","=""0.00012""","=""494.37092""","=""0.00004""","=""340bl(Fe II)*""","=""""",,"=""59663.440""","=""79885.523""","=""3d6.(3P2).4p""","=""z 4S*""","=""3/2""","=""3d6.(5D).5s""","=""e 4D""","=""5/2""",,"=""""","=""L18349c148""",
"=""494.5062""","=""0.0009""","=""494.50585""","=""0.00003""","=""26""","=""4.8e+06""",D+,"=""83459.721""","=""103676.286""","=""3d6.(5D).4d""","=""e 6F""","=""3/2""","=""3d6.(5D<2>).4f""","=""2[1]*""","=""1/2""",,"=""T6892c83""","=""L18349c139""",
"=""494.68993""","=""0.00015""","=""494.68997""","=""0.00003""","=""80""","=""2.2e+06""",D+,"=""83459.721""","=""103668.762""","=""3d6.(5D).4d""","=""e 6F""","=""3/2""","=""3d6.(5D<2>).4f""","=""2[1]*""","=""3/2""",,"=""T6892c83""","=""L18349c139""",
"=""494.80872""","=""0.00003""","=""494.808717""","=""0.000022""","=""600""","=""2.06e+07""",C+,"=""83136.508""","=""103340.699""","=""3d6.(5D).4d""","=""e 6F""","=""7/2""","=""3d6.(5D<3>).4f""","=""2[4]*""","=""7/2""",,"=""T6892c83""","=""L18349c139""",
"=""494.87913""","=""0.00002""","=""494.879114""","=""0.000022""","=""1200""","=""4.2e+07""",B+,"=""83459.721""","=""103661.038""","=""3d6.(5D).4d""","=""e 6F""","=""3/2""","=""3d6.(5D<2>).4f""","=""2[2]*""","=""5/2""",,"=""T6892c83""","=""L18349c139""",
"=""495.15805""","=""0.00002""","=""495.158055""","=""0.000020""","=""2100""","=""4.4e+07""",B+,"=""83136.508""","=""103326.445""","=""3d6.(5D).4d""","=""e 6F""","=""7/2""","=""3d6.(5D<3>).4f""","=""2[4]*""","=""9/2""",,"=""T6892c83""","=""L18349c139""",
"=""495.26524""","=""0.00004""","=""495.266039""","=""0.000022""","=""400""","=""1.63e+07""",C+,"=""83459.721""","=""103645.256""","=""3d6.(5D).4d""","=""e 6F""","=""3/2""","=""3d6.(5D<2>).4f""","=""2[2]*""","=""3/2""",,"=""T6892c83""","=""L18349c145""",
"=""495.5086""","=""0.0007""","=""495.50872""","=""0.00003""","=""25""","=""3.2e+05""",D,"=""83812.352""","=""103988.001""","=""3d6.(5D).4d""","=""6D""","=""5/2""","=""3d6.(5D<1>).4f""","=""2[3]*""","=""5/2""",,"=""T6892c83""","=""L18349c139""",
"=""""","=""""","=""495.822760""","=""0.000020""","=""""","=""5.0e-03""",C,"=""667.6829""","=""20830.5534""","=""3d6.(5D).4s""","=""a 6D""","=""5/2""","=""3d6.(3P2).4s""","=""b 4P""","=""5/2""",M1,"=""T6677""","=""""",
"=""495.88211""","=""0.00004""","=""495.88212""","=""0.00003""","=""400""","=""4.7e+06""",D+,"=""83713.583""","=""103874.040""","=""3d6.(5D).4d""","=""6D""","=""7/2""","=""3d6.(5D<1>).4f""","=""2[4]*""","=""9/2""",,"=""T6892c83""","=""L18349c139""",
"=""495.95574""","=""0.00017""","=""495.955798""","=""0.000020""","=""70""","=""2.1e+06""",D+,"=""83812.352""","=""103969.814""","=""3d6.(5D).4d""","=""6D""","=""5/2""","=""3d6.(5D<1>).4f""","=""2[3]*""","=""7/2""",,"=""T6892c83""","=""L18349c139""",
"=""""","=""""","=""496.57897""","=""0.00003""","=""""","=""1.2e-02""",D+,"=""384.7872""","=""20516.9534""","=""3d6.(5D).4s""","=""a 6D""","=""7/2""","=""3d7""","=""a 2D2""","=""5/2""",M1,"=""T6677""","=""""",
"=""496.93564""","=""0.00006""","=""496.93563""","=""0.00003""","=""200""","=""2.0e+07""",D+,"=""83558.569""","=""103676.286""","=""3d6.(5D).4d""","=""e 6F""","=""1/2""","=""3d6.(5D<2>).4f""","=""2[1]*""","=""1/2""",,"=""T6892c83""","=""L18349c139""",
"=""497.12176""","=""0.00007""","=""497.12156""","=""0.00004""","=""170""","=""2.11e+07""",C+,"=""83558.569""","=""103668.762""","=""3d6.(5D).4d""","=""e 6F""","=""1/2""","=""3d6.(5D<2>).4f""","=""2[1]*""","=""3/2""",,"=""T6892c83""","=""L18349c139""",
"=""497.13403""","=""0.00010""","=""497.13389""","=""0.00003""","=""130""","=""5.1e+06""",D+,"=""83308.241""","=""103417.935""","=""3d6.(5D).4d""","=""e 6F""","=""5/2""","=""3d6.(5D<3>).4f""","=""2[1]*""","=""3/2""",,"=""T6892c83""","=""L18349c139""",
"=""497.42113""","=""0.00009""","=""497.421025""","=""0.000020""","=""130""","=""1.5e+06""",D+,"=""83308.241""","=""103406.327""","=""3d6.(5D).4d""","=""e 6F""","=""5/2""","=""3d6.(5D<3>).4f""","=""2[2]*""","=""5/2""",,"=""T6892c83""","=""L18349c139""",
"=""497.70332""","=""0.00002""","=""497.70331""","=""0.00003""","=""1400""","=""6.1e+07""",B+,"=""83558.569""","=""103645.256""","=""3d6.(5D).4d""","=""e 6F""","=""1/2""","=""3d6.(5D<2>).4f""","=""2[2]*""","=""3/2""",,"=""T6892c83""","=""L18349c139""",
"=""497.79194""","=""0.00005""","=""497.79193""","=""0.00003""","=""250""","=""1.69e+07""",C+,"=""83308.241""","=""103391.352""","=""3d6.(5D).4d""","=""e 6F""","=""5/2""","=""3d6.(5D<3>).4f""","=""2[2]*""","=""3/2""",,"=""T6892c83""","=""L18349c139""",
"=""497.9308""","=""0.0007""","=""497.929960""","=""0.000020""","=""18""","=""9.e+05""",D+,"=""83308.241""","=""103385.785""","=""3d6.(5D).4d""","=""e 6F""","=""5/2""","=""3d6.(5D<3>).4f""","=""2[3]*""","=""7/2""",,"=""T6892c83""","=""L18349c139""",
"=""498.10743""","=""0.00014""","=""498.107497""","=""0.000020""","=""80""","=""6.1e+05""",D+,"=""83812.352""","=""103882.740""","=""3d6.(5D).4d""","=""6D""","=""5/2""","=""3d6.(5D<1>).4f""","=""2[4]*""","=""7/2""",,"=""T6892c83""","=""L18349c139""",
"=""498.44852""","=""0.00002""","=""498.448536""","=""0.000020""","=""1400""","=""5.4e+07""",B+,"=""83308.241""","=""103364.897""","=""3d6.(5D).4d""","=""e 6F""","=""5/2""","=""3d6.(5D<3>).4f""","=""2[3]*""","=""5/2""",,"=""T6892c83""","=""L18349c139""",
"=""498.45703""","=""0.00009""","=""498.45706""","=""0.00003""","=""110""","=""1.7e+06""",D+,"=""83990.106""","=""104046.419""","=""3d6.(5D).4d""","=""6D""","=""3/2""","=""3d6.(5D<0>).4f""","=""2[3]*""","=""5/2""",,"=""T6892c83""","=""L18349c139""",
"=""498.72724""","=""0.00010""","=""498.72714""","=""0.00003""","=""120""","=""4.3e+06""",D+,"=""83812.352""","=""103857.804""","=""3d6.(5D).4d""","=""6D""","=""5/2""","=""3d6.(5D<1>).4f""","=""2[2]*""","=""5/2""",,"=""T6892c83""","=""L18349c139""",
"=""499.05062""","=""0.00002""","=""499.05064""","=""0.00003""","=""2000""","=""5.2e+07""",B+,"=""83308.241""","=""103340.699""","=""3d6.(5D).4d""","=""e 6F""","=""5/2""","=""3d6.(5D<3>).4f""","=""2[4]*""","=""7/2""",,"=""T6892c83""","=""L18349c139""",
"=""499.14379""","=""0.00005""","=""499.143779""","=""0.000020""","=""310""","=""6.9e+06""",C+,"=""82853.704""","=""102882.424""","=""3d6.(5D).4d""","=""e 6F""","=""11/2""","=""3d6.(5D<4>).4f""","=""2[4]*""","=""9/2""",,"=""T6892c83""","=""L18349c139""",
"=""499.3355""","=""0.0015""","=""499.335017""","=""0.000015""","=""40""","=""7.e+03""",E,"=""22637.1950""","=""42658.2444""","=""3d6.(3F2).4s""","=""b 4F""","=""9/2""","=""3d6.(5D).4p""","=""z 6P*""","=""7/2""",,"=""T6892c83""","=""L7357""",
"=""499.91827""","=""0.00004""","=""499.918301""","=""0.000023""","=""400""","=""9.8e+06""",C+,"=""82853.704""","=""102851.394""","=""3d6.(5D).4d""","=""e 6F""","=""11/2""","=""3d6.(5D<4>).4f""","=""2[5]*""","=""9/2""",,"=""T6892c83""","=""L18349c139""",
